company_id,segment_id
c_eb22e20c195b,s_business-management-and-professional-services
c_5e0c241f9d9e,s_business-management-and-professional-services
c_9c573f8700a3,s_business-management-and-professional-services
c_cc06c46d3eb1,s_business-management-and-professional-services
c_1348ef557138,s_building-materials
c_51296ec6cd00,s_business-management-and-professional-services
c_2f2d3e1f64ef,s_building-materials
c_ee4f8aac46fc,s_building-materials
c_3e809d337887,s_building-materials
c_393ae66de612,s_business-management-and-professional-services
c_f30b3786008c,s_business-management-and-professional-services
c_59b36cc4f136,s_building-materials
c_9238757a38f8,s_building-materials
c_2cdb151d8438,s_interior-finishings-and-home-living
c_3dce52630441,s_interior-finishings-and-home-living
c_0f7e535879fd,s_building-materials
c_3c05444c8f64,s_building-materials
c_05361b5576ca,s_building-materials
c_7b3d5d5a8d5b,s_interior-finishings-and-home-living
c_ac0e0b78b935,s_business-management-and-professional-services
c_d5b0e6b7fb78,s_outdoor-living-leisure-and-modular-structures
c_1ce7eae261db,s_building-materials
c_76d080afbf2a,s_interior-finishings-and-home-living
c_e91db6433427,s_business-management-and-professional-services
c_feb1b3bd816d,s_interior-finishings-and-home-living
c_00cef394e044,s_business-management-and-professional-services
c_d37bd4f282b7,s_building-materials
c_4e60aea8bc5f,s_building-materials
c_8812b6020613,s_building-materials
c_ba9085bb36db,s_building-materials
c_828677858544,s_building-materials
c_c93e45a46bd6,s_building-materials
c_33186f299e6b,s_interior-finishings-and-home-living
c_18546f1c64dd,s_business-management-and-professional-services
c_97f5f902812e,s_building-materials
c_5f766def78dc,s_interior-finishings-and-home-living
c_d8f12e9c1ffb,s_outdoor-living-leisure-and-modular-structures
c_8080cac04660,s_business-management-and-professional-services
c_4839c5ffb4ca,s_building-materials
c_5b1f3741b12f,s_building-materials
c_0830eb1dd950,s_outdoor-living-leisure-and-modular-structures
c_c3db54e3ed7e,s_building-materials
c_b87085b8fe19,s_building-materials
c_9bd4b0eba433,s_building-materials
c_15a5c4602042,s_building-materials
c_4dde71320465,s_business-management-and-professional-services
c_7b8e69892806,s_business-management-and-professional-services
c_987e730460ea,s_building-materials
c_90caf0eb2fb5,s_interior-finishings-and-home-living
c_575f8361e575,s_business-management-and-professional-services
c_e00e480294ee,s_interior-finishings-and-home-living
c_f60cf73add98,s_building-materials
c_9176d6ef642e,s_construction-tools-systems-equipment-and-safety
c_33e581034211,s_building-materials
c_ae5b98ecc424,s_building-materials
c_c0fa577307aa,s_interior-finishings-and-home-living
c_b44beb62a329,s_building-materials
c_cfde335b2f56,s_business-management-and-professional-services
c_84aa540796a7,s_building-materials
c_038982b90145,s_outdoor-living-leisure-and-modular-structures
c_5e4c37880326,s_building-materials
c_f0d70792857f,s_building-materials
c_39101b238a83,s_building-materials
c_a76bbddd102d,s_outdoor-living-leisure-and-modular-structures
c_7b24fff9c308,s_interior-finishings-and-home-living
c_890638c4d072,s_interior-finishings-and-home-living
c_d5846a9f313c,s_building-materials
c_3eddc8e5d98a,s_interior-finishings-and-home-living
c_c0a49b4e9384,s_building-materials
c_5ed32c626f55,s_building-materials
c_541cb92cea3b,s_building-materials
c_ffc03a1adce6,s_building-materials
c_2e444757d991,s_business-management-and-professional-services
c_9c9a60b32ae0,s_outdoor-living-leisure-and-modular-structures
c_34defa479ae5,s_interior-finishings-and-home-living
c_b48d6372a714,s_building-materials
c_7892a45607cb,s_building-materials
c_f7970f5d6a09,s_business-management-and-professional-services
c_db3649c9d111,s_building-materials
c_c81ea5e97b97,s_interior-finishings-and-home-living
c_4d1572324610,s_building-materials
c_af1525370e09,s_building-materials
c_32adfdae6116,s_interior-finishings-and-home-living
c_35450834ca97,s_business-management-and-professional-services
c_e24b1a10461a,s_interior-finishings-and-home-living
c_9e6f6d7c0628,s_outdoor-living-leisure-and-modular-structures
c_c7e751bfce8e,s_building-materials
c_8e4f26467856,s_building-materials
c_ed5529483c79,s_interior-finishings-and-home-living
c_55351eb97505,s_building-materials
c_acf432865ac2,s_business-management-and-professional-services
c_ca55c8568982,s_building-materials
c_8ea4a2606738,s_building-materials
c_f236711970a5,s_building-materials
c_4940c22ec53f,s_building-materials
c_c15a691a5fbc,s_construction-tools-systems-equipment-and-safety
c_cda72ced5164,s_building-materials
c_78a314199d1b,s_business-management-and-professional-services
c_03eae29d0b23,s_building-materials
c_5fa258d418e7,s_building-materials
c_ab857d397a3e,s_business-management-and-professional-services
c_d2ef351252fb,s_interior-finishings-and-home-living
c_c7d557c84987,s_building-materials
c_2a0f81d9a533,s_interior-finishings-and-home-living
c_e84d629c1db5,s_interior-finishings-and-home-living
c_510171c67736,s_building-materials
c_bacebadbef42,s_building-materials
c_4dc074f27306,s_interior-finishings-and-home-living
c_c1c82d0bb0fd,s_business-management-and-professional-services
c_f217a7309ca9,s_business-management-and-professional-services
c_359c57250ba1,s_building-materials
c_5cde420aac67,s_building-materials
c_4ce0534f1ab9,s_outdoor-living-leisure-and-modular-structures
c_8f225906e25b,s_building-materials
c_1ab2ad5f8c43,s_interior-finishings-and-home-living
c_bf1ce3ff18a8,s_building-materials
c_54aad87c0f25,s_building-materials
c_2c1d33b37c6e,s_construction-tools-systems-equipment-and-safety
c_61d4cbcf0a65,s_interior-finishings-and-home-living
c_8d0f76e14f68,s_building-materials
c_06f8338a383d,s_building-materials
c_0eb82d8be44d,s_business-management-and-professional-services
c_3ce554c5fc79,s_construction-tools-systems-equipment-and-safety
c_d47571191eec,s_business-management-and-professional-services
c_7fb070c050fb,s_outdoor-living-leisure-and-modular-structures
c_ec7e750bbbb8,s_outdoor-living-leisure-and-modular-structures
c_0fb43e580443,s_construction-tools-systems-equipment-and-safety
c_c60b242d7221,s_construction-tools-systems-equipment-and-safety
c_cee61afb4c01,s_building-materials
c_f7556a3a5397,s_building-materials
c_54aab7ba34b1,s_construction-tools-systems-equipment-and-safety
c_57f064a79f03,s_business-management-and-professional-services
c_da28c32a60d8,s_business-management-and-professional-services
c_545b4e6cff3e,s_building-materials
c_72ce3e193f82,s_building-materials
c_5152bc06ba52,s_building-materials
c_878a09c78386,s_building-materials
c_f1facd5328ce,s_building-materials
c_7b2fad1e3734,s_outdoor-living-leisure-and-modular-structures
c_a0ff9ef2fc23,s_business-management-and-professional-services
c_267ae7ceb0f7,s_global-products
c_147a00cfedeb,s_business-management-and-professional-services
c_7d6fb722bcce,s_building-materials
c_9b33613351e4,s_building-materials
c_21ba70bbf21d,s_business-management-and-professional-services
c_f4c7ff5207cf,s_construction-tools-systems-equipment-and-safety
c_a0af78c9dfc5,s_building-materials
c_fa51530a32a2,s_building-materials
c_e4a4cccfede3,s_interior-finishings-and-home-living
c_124ce58b36af,s_construction-tools-systems-equipment-and-safety
c_4a531ebc7b2f,s_building-materials
c_b2d2d71eeec3,s_building-materials
c_f4d8fd920ebe,s_construction-tools-systems-equipment-and-safety
c_b284d59a48b3,s_business-management-and-professional-services
c_2a89727d1d61,s_interior-finishings-and-home-living
c_4e85476d2024,s_building-materials
c_7ac09ef78b57,s_building-materials
c_6ac3e51aa86b,s_building-materials
c_ab778efae5e8,s_outdoor-living-leisure-and-modular-structures
c_d79ee1be616d,s_business-management-and-professional-services
c_99a9525a79bd,s_interior-finishings-and-home-living
c_b428df98f9d7,s_construction-tools-systems-equipment-and-safety
c_cc2379187555,s_building-materials
c_40940930dcab,s_business-management-and-professional-services
c_f0ddf9a4abb5,s_building-materials
c_fbc749e049d5,s_business-management-and-professional-services
c_029354146399,s_building-materials
c_44983d5dd892,s_building-materials
c_f5da2a06183e,s_outdoor-living-leisure-and-modular-structures
c_ca7ddb044f50,s_construction-tools-systems-equipment-and-safety
c_b510e226f739,s_construction-tools-systems-equipment-and-safety
c_09633ee30b90,s_construction-tools-systems-equipment-and-safety
c_f22325710992,s_interior-finishings-and-home-living
c_bd6632dbce44,s_construction-tools-systems-equipment-and-safety
c_c6798f8581fb,s_interior-finishings-and-home-living
c_c03b986bb10e,s_interior-finishings-and-home-living
c_36c8ae4c0ee9,s_building-materials
c_b826aada5e41,s_business-management-and-professional-services
c_490d18aed48a,s_business-management-and-professional-services
c_4afa6c5979f0,s_outdoor-living-leisure-and-modular-structures
c_8b96197e7e21,s_interior-finishings-and-home-living
c_ddad5430abee,s_building-materials
c_94ae919c10ac,s_building-materials
c_c7dbead0bfab,s_outdoor-living-leisure-and-modular-structures
c_9eed78ed2c99,s_building-materials
c_4ad42750dc2d,s_building-materials
c_abf66e0be5aa,s_outdoor-living-leisure-and-modular-structures
c_b08bfc10e264,s_building-materials
c_02e115d9f5c2,s_construction-tools-systems-equipment-and-safety
c_0fffad5edb3a,s_building-materials
c_884700f9f1b6,s_building-materials
c_04b9d9a3c59a,s_interior-finishings-and-home-living
c_4099731ef3e7,s_global-products
c_f0709cfb6de7,s_building-materials
c_78dd27115e8c,s_building-materials
c_053fba37245e,s_business-management-and-professional-services
c_b3a18871d945,s_global-products
c_ea4a25c830fc,s_construction-tools-systems-equipment-and-safety
c_fb3593a3c2d4,s_outdoor-living-leisure-and-modular-structures
c_3a95465ea3c1,s_building-materials
c_17a22bda4bee,s_outdoor-living-leisure-and-modular-structures
c_2905c173ab22,s_outdoor-living-leisure-and-modular-structures
c_269545e2bffb,s_outdoor-living-leisure-and-modular-structures
c_4507bd35b6dd,s_building-materials
c_79c2d3e4369c,s_outdoor-living-leisure-and-modular-structures
c_be92a36d5420,s_outdoor-living-leisure-and-modular-structures
c_1d6d3fed7f1a,s_business-management-and-professional-services
c_1f6950a4c62d,s_business-management-and-professional-services
c_5b1941979ffd,s_building-materials
c_f195c2a75f16,s_building-materials
c_74a058b8add7,s_business-management-and-professional-services
c_4e3eac049a3c,s_business-management-and-professional-services
c_0f5ef587cba0,s_business-management-and-professional-services
c_1740b0ef7fe6,s_business-management-and-professional-services
c_5c3895e06884,s_business-management-and-professional-services
c_061792398f0d,s_business-management-and-professional-services
c_440d42a4845e,s_business-management-and-professional-services
c_093924dc9838,s_business-management-and-professional-services
c_47587afdafce,s_business-management-and-professional-services
c_046eabf77c6b,s_business-management-and-professional-services
c_9390d99e1a7b,s_business-management-and-professional-services
c_b6b3151c7d61,s_construction-tools-systems-equipment-and-safety
c_f281e66df156,s_building-materials
c_80103f3f670e,s_business-management-and-professional-services
c_b5b5f8572ca8,s_business-management-and-professional-services
c_cbd513e76f0e,s_interior-finishings-and-home-living
c_6391258a397d,s_building-materials
c_fce5dca9509e,s_business-management-and-professional-services
c_0761a5e4c8d6,s_business-management-and-professional-services
c_ca7e9c82ca2d,s_building-materials
c_261d93b85eb9,s_business-management-and-professional-services
c_9d7935827231,s_interior-finishings-and-home-living
c_bd0db24154fd,s_business-management-and-professional-services
c_67dcad585a1e,s_interior-finishings-and-home-living
c_362c51789021,s_business-management-and-professional-services
c_7d26b0d7698e,s_outdoor-living-leisure-and-modular-structures
c_2171635cf976,s_outdoor-living-leisure-and-modular-structures
c_9a1c5b98733b,s_construction-tools-systems-equipment-and-safety
c_413ebbaf7c89,s_building-materials
c_b8c126d7d39e,s_interior-finishings-and-home-living
c_920e0c079f72,s_building-materials
c_4b8a8a95f573,s_interior-finishings-and-home-living
c_181b3b4cba68,s_global-products
c_a391f582ae15,s_interior-finishings-and-home-living
c_b736347c0cb7,s_interior-finishings-and-home-living
c_3620f78600d0,s_building-materials
c_543f38c58d04,s_building-materials
c_7e45627c5ba7,s_building-materials
c_1a08d001ce4b,s_building-materials
c_232fba7fa6be,s_interior-finishings-and-home-living
c_5d1cc00e7307,s_business-management-and-professional-services
c_cf41b1d1ff61,s_building-materials
c_a33a3dc431b8,s_business-management-and-professional-services
c_d3e08d74d72f,s_building-materials
c_c5157d05aa47,s_building-materials
c_b052795e530e,s_building-materials
c_584c98524faf,s_building-materials
c_6689c4ec7de6,s_business-management-and-professional-services
c_f16975d8f1ea,s_outdoor-living-leisure-and-modular-structures
c_9424f9903e1c,s_business-management-and-professional-services
c_6600c17e94f2,s_outdoor-living-leisure-and-modular-structures
c_07050e91b393,s_outdoor-living-leisure-and-modular-structures
c_5338a3190b84,s_building-materials
c_57a2ed0aeff0,s_building-materials
c_40da1cbbaed7,s_global-products
c_e4a1d6003fca,s_business-management-and-professional-services
c_36282e8b187b,s_building-materials
c_a3d1c7014221,s_interior-finishings-and-home-living
c_67409830783e,s_building-materials
c_a45dd377e1b9,s_building-materials
c_5332a6eb1a2f,s_business-management-and-professional-services
c_08df37fccff2,s_interior-finishings-and-home-living
c_2baba7df3456,s_building-materials
c_5f232c44178c,s_outdoor-living-leisure-and-modular-structures
c_267e3fdc92c9,s_interior-finishings-and-home-living
c_91b0f9d5f39b,s_interior-finishings-and-home-living
c_80575367dd03,s_building-materials
c_585ee19ac86b,s_business-management-and-professional-services
c_f9ed3ffa2e15,s_interior-finishings-and-home-living
c_6a210f611bd3,s_business-management-and-professional-services
c_e38ffd4889bf,s_outdoor-living-leisure-and-modular-structures
c_ce5ebba62783,s_business-management-and-professional-services
c_e4d9a0576c2a,s_global-products
c_8bb40cc45d87,s_building-materials
c_2ef9791f2fb3,s_global-products
c_698b6c1c25b1,s_interior-finishings-and-home-living
c_b9f8cebc1456,s_global-products
c_11ae8383cdee,s_business-management-and-professional-services
c_96075850047d,s_building-materials
c_4feb7ada765a,s_construction-tools-systems-equipment-and-safety
c_d38fcb3ca205,s_building-materials
c_136f7e760760,s_interior-finishings-and-home-living
c_d81c6ea4d8e1,s_building-materials
c_995f1645e782,s_outdoor-living-leisure-and-modular-structures
c_0b04a8ca8a95,s_building-materials
c_e63c741d8256,s_building-materials
c_0695aa2723ea,s_interior-finishings-and-home-living
c_46cd169e3e1b,s_business-management-and-professional-services
c_606c271ba8ee,s_interior-finishings-and-home-living
c_f6df34082ed4,s_business-management-and-professional-services
c_5a045796e072,s_interior-finishings-and-home-living
c_fdf30b16397a,s_building-materials
c_203f29ddfc3e,s_building-materials
c_099876c3fc24,s_business-management-and-professional-services
c_9a521f1f0e2c,s_outdoor-living-leisure-and-modular-structures
c_b2ae63c714f6,s_interior-finishings-and-home-living
c_cde8bb28efe8,s_building-materials
c_4f36f9faa945,s_building-materials
c_0933a3717434,s_interior-finishings-and-home-living
c_eee4a08dee9a,s_business-management-and-professional-services
c_06c1c9ca3645,s_business-management-and-professional-services
c_d5c7142f8b7b,s_building-materials
c_b0e752886df4,s_business-management-and-professional-services
c_b30aa4d9de2b,s_interior-finishings-and-home-living
c_8400e9eea860,s_building-materials
c_49e0465a0e35,s_business-management-and-professional-services
c_759df8982248,s_interior-finishings-and-home-living
c_97390499bef9,s_building-materials
c_a05228ca9697,s_business-management-and-professional-services
c_fbcf94a7a6f3,s_construction-tools-systems-equipment-and-safety
c_0b9424db4eec,s_business-management-and-professional-services
c_1b5588d76eb1,s_business-management-and-professional-services
c_c3f73898fe03,s_interior-finishings-and-home-living
c_3604f68ac44f,s_interior-finishings-and-home-living
c_21c34168b37e,s_building-materials
c_7ff9488eb54c,s_construction-tools-systems-equipment-and-safety
c_0f22e25edcf2,s_construction-tools-systems-equipment-and-safety
c_51cd5040cb15,s_construction-tools-systems-equipment-and-safety
c_3d915ab01565,s_outdoor-living-leisure-and-modular-structures
c_d545ba82c1fc,s_outdoor-living-leisure-and-modular-structures
c_52ddef8ae584,s_construction-tools-systems-equipment-and-safety
c_80f80160d27f,s_outdoor-living-leisure-and-modular-structures
c_17a43ae89a5d,s_interior-finishings-and-home-living
c_74c9516f5ea0,s_business-management-and-professional-services
c_9fe2a5617721,s_construction-tools-systems-equipment-and-safety
c_0b34bd8aea1a,s_business-management-and-professional-services
c_f30d22318978,s_interior-finishings-and-home-living
c_a553b469f416,s_building-materials
c_23e4d1789fc4,s_building-materials
c_731b782f7eb4,s_building-materials
c_01c410590362,s_building-materials
c_0a9a204216b8,s_business-management-and-professional-services
c_3a5fcdbdc316,s_business-management-and-professional-services
c_fc03b1170c53,s_interior-finishings-and-home-living
c_9d587e027950,s_building-materials
c_4c9a8e7cd6bf,s_building-materials
c_f8a1a9068879,s_construction-tools-systems-equipment-and-safety
c_4e6b38db16d2,s_outdoor-living-leisure-and-modular-structures
c_4873fa791410,s_outdoor-living-leisure-and-modular-structures
c_03982fda917a,s_interior-finishings-and-home-living
c_9529524e9b4a,s_building-materials
c_2851ba62fea3,s_outdoor-living-leisure-and-modular-structures
c_e47fe6aa89b6,s_outdoor-living-leisure-and-modular-structures
c_72e2decdf869,s_interior-finishings-and-home-living
c_3fd0a6a743d5,s_interior-finishings-and-home-living
c_deb1f1766bbb,s_building-materials
c_2ac53e8cccf9,s_construction-tools-systems-equipment-and-safety
c_ae6f20fd5e4b,s_building-materials
c_d71ae29c04af,s_business-management-and-professional-services
c_519f1d0e8d97,s_building-materials
c_936af492a31f,s_outdoor-living-leisure-and-modular-structures
c_ec10fd8bbb49,s_interior-finishings-and-home-living
c_c1f696d5aabe,s_interior-finishings-and-home-living
c_a7692ea3f38b,s_outdoor-living-leisure-and-modular-structures
c_ba5dfd87b45d,s_business-management-and-professional-services
c_ade968be158b,s_business-management-and-professional-services
c_25b045a70716,s_building-materials
c_4a6b9138fbe3,s_construction-tools-systems-equipment-and-safety
c_cb549016cdf0,s_outdoor-living-leisure-and-modular-structures
c_30eb99a07d0e,s_business-management-and-professional-services
c_0369f92ce472,s_business-management-and-professional-services
c_93f63b259d40,s_interior-finishings-and-home-living
c_d66809a6ed52,s_construction-tools-systems-equipment-and-safety
c_b15ff3b998b4,s_business-management-and-professional-services
c_1b9590a5d86d,s_building-materials
c_6b7bd1c2e1f4,s_business-management-and-professional-services
c_89ce1002ff98,s_outdoor-living-leisure-and-modular-structures
c_fe0a7ac1d17d,s_business-management-and-professional-services
c_0f521f092e77,s_construction-tools-systems-equipment-and-safety
c_8b90c88328a7,s_interior-finishings-and-home-living
c_628a84e7f0e9,s_global-products
c_674310d5f016,s_building-materials
c_b7807a36f6ee,s_building-materials
c_8d29fcae0943,s_building-materials
c_d4c252d94913,s_building-materials
c_9361ba121d30,s_building-materials
c_8fbd408438b0,s_business-management-and-professional-services
c_0bdb9e70fbef,s_interior-finishings-and-home-living
c_8e7b0c3246fb,s_building-materials
c_7d47b8a637cd,s_business-management-and-professional-services
c_35e133509482,s_building-materials
c_75b63e6bf64f,s_building-materials
c_a19fc7e74660,s_building-materials
c_dea3ad9f7cfe,s_interior-finishings-and-home-living
c_3f750eca139a,s_outdoor-living-leisure-and-modular-structures
c_f6821b030f90,s_interior-finishings-and-home-living
c_93a42da0b8e0,s_building-materials
c_24b43929f78b,s_outdoor-living-leisure-and-modular-structures
c_fec4cd051e31,s_building-materials
c_7ff4efa151dd,s_outdoor-living-leisure-and-modular-structures
c_dfaf90022932,s_interior-finishings-and-home-living
c_4d03b66ca45c,s_interior-finishings-and-home-living
c_c862e5d52677,s_business-management-and-professional-services
c_8008297878de,s_building-materials
c_387df87b4a59,s_business-management-and-professional-services
c_b3482c4bda37,s_business-management-and-professional-services
c_2205dff17c07,s_business-management-and-professional-services
c_3dce9a5a3875,s_business-management-and-professional-services
c_f91790f10a43,s_business-management-and-professional-services
c_fb62e5031ce6,s_business-management-and-professional-services
c_62cc606e7404,s_business-management-and-professional-services
c_bc59ca2c63d5,s_business-management-and-professional-services
c_34854223305c,s_interior-finishings-and-home-living
c_af9fe89afbab,s_outdoor-living-leisure-and-modular-structures
c_4e134b50ff9b,s_outdoor-living-leisure-and-modular-structures
c_519810674697,s_building-materials
c_b79e875ea998,s_building-materials
c_940a5f69c9bf,s_building-materials
c_239bac7a19a8,s_building-materials
c_9674f1f8531d,s_building-materials
c_0a0cd82e3e05,s_business-management-and-professional-services
c_7d4f6b3b5379,s_building-materials
c_2be2fc7bb6f4,s_interior-finishings-and-home-living
c_5a30016aa669,s_interior-finishings-and-home-living
c_ec6cd2690f0a,s_building-materials
c_467875caf437,s_construction-tools-systems-equipment-and-safety
c_201296286c28,s_building-materials
c_f567c791ea9a,s_business-management-and-professional-services
c_7d31e742b5e1,s_construction-tools-systems-equipment-and-safety
c_246e81584728,s_construction-tools-systems-equipment-and-safety
c_e1fcac845958,s_interior-finishings-and-home-living
c_c6454981de67,s_building-materials
c_001038d4244c,s_construction-tools-systems-equipment-and-safety
c_0091e5308f72,s_building-materials
c_2c5aed6b86be,s_building-materials
c_f30cf003d25e,s_interior-finishings-and-home-living
c_80f5afd6360f,s_building-materials
c_3ac02e7ce26c,s_building-materials
c_fe5683bdd2d7,s_interior-finishings-and-home-living
c_af58f0a7ba66,s_building-materials
c_0fb6a5ff0059,s_building-materials
c_07aa963b31d0,s_outdoor-living-leisure-and-modular-structures
c_a16d8de6d95f,s_business-management-and-professional-services
c_e12be8280be9,s_building-materials
c_1b870646842c,s_building-materials
c_9ba28a8e47f7,s_business-management-and-professional-services
c_7a0e6a3f191d,s_construction-tools-systems-equipment-and-safety
c_4e3bf3c423a2,s_interior-finishings-and-home-living
c_fd7f9a1b879b,s_interior-finishings-and-home-living
c_b675ad69ee76,s_building-materials
c_36e129759698,s_outdoor-living-leisure-and-modular-structures
c_c88c6a4b367d,s_construction-tools-systems-equipment-and-safety
c_b28533be2b76,s_interior-finishings-and-home-living
c_e3e920c56ffb,s_building-materials
c_edcb6932be0c,s_building-materials
c_2b1bdb0ae5da,s_interior-finishings-and-home-living
c_11b941e83c91,s_interior-finishings-and-home-living
c_844c207c5f42,s_building-materials
c_68dc775a5040,s_building-materials
c_7c72fca0fb97,s_outdoor-living-leisure-and-modular-structures
c_e4e548e1b3a5,s_interior-finishings-and-home-living
c_fa95131a82d1,s_interior-finishings-and-home-living
c_acb16bfbd72f,s_building-materials
c_082db40f0532,s_outdoor-living-leisure-and-modular-structures
c_64696a6e0be1,s_building-materials
c_e03495a53f00,s_building-materials
c_558cdc33febf,s_building-materials
c_92add25af0f8,s_outdoor-living-leisure-and-modular-structures
c_094552ef92d2,s_building-materials
c_e9ecbf732563,s_building-materials
c_723209c472aa,s_outdoor-living-leisure-and-modular-structures
c_8afeee97d61a,s_outdoor-living-leisure-and-modular-structures
c_d7eaa1deae0a,s_building-materials
c_836088072310,s_building-materials
c_b9c6a1a60fe9,s_building-materials
c_6dc69ee2f2cc,s_interior-finishings-and-home-living
c_f491b62eb9d9,s_building-materials
c_3588ad538f82,s_building-materials
c_1263724f5175,s_global-products
c_53e1f13d75e8,s_building-materials
c_64cff229b862,s_building-materials
c_be00a7767fa6,s_global-products
c_c1cb97eb1ebd,s_building-materials
c_9ccca2529248,s_interior-finishings-and-home-living
c_d3ec3a817a88,s_construction-tools-systems-equipment-and-safety
c_49764e1c78ca,s_building-materials
c_366d9a9cc2c7,s_construction-tools-systems-equipment-and-safety
c_f0e979f28cbd,s_outdoor-living-leisure-and-modular-structures
c_6e73b591ec62,s_building-materials
c_c9e519d5a22a,s_interior-finishings-and-home-living
c_3280a651b007,s_building-materials
c_92df7f19f365,s_outdoor-living-leisure-and-modular-structures
c_80bc5c63c534,s_business-management-and-professional-services
c_d889e3296735,s_building-materials
c_bbe136cdd065,s_construction-tools-systems-equipment-and-safety
c_094089efcaca,s_interior-finishings-and-home-living
c_5676818f871a,s_building-materials
c_be9a452a9bf3,s_interior-finishings-and-home-living
c_9f496078453c,s_building-materials
c_6c5e4b531062,s_business-management-and-professional-services
c_63ad5e3a9599,s_interior-finishings-and-home-living
c_a33a07d2feb2,s_interior-finishings-and-home-living
c_eb826ba11f65,s_outdoor-living-leisure-and-modular-structures
c_09412ca149dd,s_construction-tools-systems-equipment-and-safety
c_f775730788b3,s_construction-tools-systems-equipment-and-safety
c_f93e567953d1,s_interior-finishings-and-home-living
c_2d870e00b6ee,s_building-materials
c_ee87bdfb84f0,s_outdoor-living-leisure-and-modular-structures
c_51e1985d5776,s_construction-tools-systems-equipment-and-safety
c_255d7d4145a8,s_building-materials
c_3f6d5beba5db,s_building-materials
c_a1129c2023e3,s_construction-tools-systems-equipment-and-safety
c_ca268988bfac,s_building-materials
c_e621dcd29c83,s_building-materials
c_5e1ad8248854,s_building-materials
c_322b032344da,s_building-materials
c_50d986db312b,s_interior-finishings-and-home-living
c_8aa1a8a42baf,s_construction-tools-systems-equipment-and-safety
c_0d7e41ad3404,s_outdoor-living-leisure-and-modular-structures
c_e0886e5428d5,s_building-materials
c_81d482da685e,s_building-materials
c_1f29d7aa928e,s_outdoor-living-leisure-and-modular-structures
c_691147b6916d,s_business-management-and-professional-services
c_a2f014bd747d,s_global-products
c_7972d5ccc1ab,s_interior-finishings-and-home-living
c_68251150e1ff,s_building-materials
c_cad839853b78,s_building-materials
c_250d32dd7756,s_building-materials
c_f0de6249baf8,s_global-products
c_8b40e937c9cb,s_building-materials
c_64dde96cf80d,s_interior-finishings-and-home-living
c_aadcca95e440,s_building-materials
c_f936d8d2551e,s_building-materials
c_fd467c38861c,s_building-materials
c_97047bd1f261,s_building-materials
c_5af62a6284ac,s_building-materials
c_5d81b69a9f1c,s_interior-finishings-and-home-living
c_fb4bffecf1e4,s_outdoor-living-leisure-and-modular-structures
c_996d58d355a9,s_building-materials
c_8cb99a45377c,s_outdoor-living-leisure-and-modular-structures
c_6d7407fcbb11,s_building-materials
c_14dbc0f6f89a,s_building-materials
c_8877351d4ac8,s_construction-tools-systems-equipment-and-safety
c_34d47bdc5972,s_building-materials
c_92be73b45e86,s_construction-tools-systems-equipment-and-safety
c_7ec29f6d12c6,s_interior-finishings-and-home-living
c_8ae52596aa04,s_building-materials
c_8a1cde001bfb,s_business-management-and-professional-services
c_7d80a70a6c81,s_outdoor-living-leisure-and-modular-structures
c_db2e52d1e4b7,s_building-materials
c_906708084bfb,s_building-materials
c_fcacd8e1be20,s_interior-finishings-and-home-living
c_3cc545861e4f,s_interior-finishings-and-home-living
c_35aefdd576b4,s_outdoor-living-leisure-and-modular-structures
c_8be343f17bc9,s_outdoor-living-leisure-and-modular-structures
c_b21ff10fc40a,s_building-materials
c_0d4d660eeddf,s_outdoor-living-leisure-and-modular-structures
c_4b70e6aedd73,s_business-management-and-professional-services
c_ce5bdc37463b,s_building-materials
c_3865244bc971,s_building-materials
c_0865bf7fa41b,s_global-products
c_3cdd2f3baec4,s_building-materials
c_2c7752d2f30c,s_building-materials
c_6ff111f9b3f7,s_interior-finishings-and-home-living
c_5b3c87f51523,s_interior-finishings-and-home-living
c_8348af944e17,s_interior-finishings-and-home-living
c_4f24adac4ca6,s_building-materials
c_3b8a4366c9cf,s_building-materials
c_9f19a69cdbd0,s_building-materials
c_b5e4dd5fd600,s_building-materials
c_5149a749384f,s_building-materials
c_dc3d76c73ddb,s_building-materials
c_ec283005e00e,s_building-materials
c_8a29b2e3ed60,s_business-management-and-professional-services
c_56c6f14fafa8,s_outdoor-living-leisure-and-modular-structures
c_796bc9f7db0e,s_business-management-and-professional-services
c_e36c36aa2767,s_building-materials
c_8cf39ce92824,s_interior-finishings-and-home-living
c_f1437bda7bae,s_interior-finishings-and-home-living
c_eb45299cc54e,s_construction-tools-systems-equipment-and-safety
c_3526e812eb38,s_building-materials
c_09cd51217cdf,s_building-materials
c_fd2fa4645f74,s_building-materials
c_f4ac2d2e358f,s_building-materials
c_36fb220a1751,s_building-materials
c_d192eef7021f,s_business-management-and-professional-services
c_ab69dd71c5e7,s_construction-tools-systems-equipment-and-safety
c_8435108a8293,s_building-materials
c_fa000c24e755,s_interior-finishings-and-home-living
c_7704409d46a1,s_interior-finishings-and-home-living
c_0db179f05c63,s_interior-finishings-and-home-living
c_f6d46f64b52e,s_construction-tools-systems-equipment-and-safety
c_8dad4e235d6a,s_building-materials
c_7caf0cfc0a36,s_construction-tools-systems-equipment-and-safety
c_13c623cf1199,s_interior-finishings-and-home-living
c_a3568de98ebd,s_interior-finishings-and-home-living
c_4f8778edc3b2,s_building-materials
c_290d70d9667c,s_building-materials
c_147b7333e724,s_building-materials
c_d998f0716b1b,s_building-materials
c_e94f10e7ecb0,s_building-materials
c_21c93b43cab4,s_business-management-and-professional-services
c_fd9c40c0a5b9,s_building-materials
c_2454f301f937,s_building-materials
c_049cd6ec05ae,s_building-materials
c_3c19e754147b,s_construction-tools-systems-equipment-and-safety
c_2d1b12c52c2f,s_construction-tools-systems-equipment-and-safety
c_532fc7dff667,s_global-products
c_7cdf0deef25c,s_building-materials
c_b548e56f1765,s_interior-finishings-and-home-living
c_fa34af550660,s_building-materials
c_46429637a476,s_interior-finishings-and-home-living
c_93c872d663d5,s_global-products
c_bd145167a9a7,s_interior-finishings-and-home-living
c_6b0e8faaa302,s_interior-finishings-and-home-living
c_66ab06400c6e,s_building-materials
c_e74fb51baf4f,s_global-products
c_d18fc94e571f,s_construction-tools-systems-equipment-and-safety
c_f61bb75f08f8,s_building-materials
c_6866dc472fd0,s_global-products
c_0eb879957f07,s_global-products
c_1ffb92f1d2d9,s_global-products
c_c6d3a131a416,s_global-products
c_2bc978efdd0f,s_building-materials
c_32765a6ea9ca,s_interior-finishings-and-home-living
c_caa2e546ec14,s_building-materials
c_96dcd4a624f1,s_building-materials
c_aa0e12291cfd,s_business-management-and-professional-services
c_4a81a7ee52e1,s_building-materials
c_40a58f8af465,s_global-products
c_939fc9921996,s_building-materials
c_9695346c1703,s_interior-finishings-and-home-living
c_7f0d72c1be87,s_building-materials
c_6d2fd8c8974f,s_construction-tools-systems-equipment-and-safety
c_35b27ea28856,s_building-materials
c_cff7a14b60b7,s_building-materials
c_dcb340f31464,s_interior-finishings-and-home-living
c_d306db5181a9,s_business-management-and-professional-services
c_61144423c458,s_construction-tools-systems-equipment-and-safety
c_2a33f193f039,s_building-materials
c_195b63b75599,s_global-products
c_dbaa18c7eab3,s_building-materials
c_ad400fff1d25,s_building-materials
c_ca4c1004f619,s_building-materials
c_dff40323e14c,s_interior-finishings-and-home-living
c_d7c301dbf5bd,s_business-management-and-professional-services
c_2d29a7fc4b3d,s_building-materials
c_30f488b49ffe,s_building-materials
c_a83be50aa9a8,s_business-management-and-professional-services
c_bd6ef5b3536f,s_outdoor-living-leisure-and-modular-structures
c_231e9da8145c,s_construction-tools-systems-equipment-and-safety
c_99e45b500896,s_interior-finishings-and-home-living
c_f3cfdca18ddd,s_outdoor-living-leisure-and-modular-structures
c_eee3c68cf500,s_building-materials
c_c1e52ebe3fc1,s_building-materials
c_6d40b3f3da55,s_building-materials
c_d96829c5480a,s_building-materials
c_bb6d01d478c6,s_building-materials
c_6696269660ab,s_interior-finishings-and-home-living
c_b0a5c5185b41,s_building-materials
c_17b5acb820ea,s_outdoor-living-leisure-and-modular-structures
c_2f81f1e44fef,s_business-management-and-professional-services
c_ff653af11035,s_building-materials
c_271c34f496fa,s_business-management-and-professional-services
c_518861d9c663,s_interior-finishings-and-home-living
c_f5b3639f2570,s_building-materials
c_b574007ed057,s_outdoor-living-leisure-and-modular-structures
c_3198bd8b519b,s_business-management-and-professional-services
c_4964e0653b0c,s_building-materials
c_b35aadd9ebb0,s_building-materials
c_1ed676eb136e,s_building-materials
c_1becc5117544,s_interior-finishings-and-home-living
c_d455115de172,s_building-materials
c_17f467f44a25,s_business-management-and-professional-services
c_d80a1ffd3680,s_building-materials
c_2bdde21dbcb7,s_construction-tools-systems-equipment-and-safety
c_a7d43cfa2c34,s_building-materials
c_4972123b2dda,s_building-materials
c_553b3c8e16af,s_business-management-and-professional-services
c_fc9436e17e20,s_business-management-and-professional-services
c_fc2d3c6da711,s_outdoor-living-leisure-and-modular-structures
c_8dda6b4d2bf5,s_interior-finishings-and-home-living
c_6be165cec917,s_business-management-and-professional-services
c_ab309874e5a3,s_business-management-and-professional-services
c_9bf549e2fac3,s_building-materials
c_6aa01f6856ba,s_business-management-and-professional-services
c_4074dfcb69b3,s_building-materials
c_bf8cb3bfc26c,s_building-materials
c_77e898d60dc2,s_building-materials
c_156b56db6609,s_building-materials
c_bb537040fbea,s_building-materials
c_4765cee483d7,s_building-materials
c_eb65c158acc4,s_business-management-and-professional-services
c_0e7e208159b0,s_construction-tools-systems-equipment-and-safety
c_adf71e912844,s_interior-finishings-and-home-living
c_5fd1823a2485,s_building-materials
c_82b3779aa4c1,s_building-materials
c_e885c460bcc3,s_business-management-and-professional-services
c_453ee0bea1bd,s_building-materials
c_1aa9a881773d,s_building-materials
c_c3d0282b8dec,s_building-materials
c_eab9bb6ac5db,s_interior-finishings-and-home-living
c_fc210deb62f1,s_building-materials
c_c888f1ba439a,s_building-materials
c_870fbd348b82,s_building-materials
c_99087117e677,s_outdoor-living-leisure-and-modular-structures
c_006e6ed34748,s_business-management-and-professional-services
c_9ffe6da1d178,s_business-management-and-professional-services
c_1db481c9e807,s_building-materials
c_d148b978fbba,s_building-materials
c_570a51c9950e,s_business-management-and-professional-services
c_e91ca1012e9a,s_building-materials
c_8b0439596914,s_building-materials
c_ce22b0d6a9ba,s_building-materials
c_2911d001aa2c,s_interior-finishings-and-home-living
c_667800fb54ce,s_construction-tools-systems-equipment-and-safety
c_bfcb24ce8f70,s_interior-finishings-and-home-living
c_d3311d2ab26f,s_outdoor-living-leisure-and-modular-structures
c_8c6e1e402646,s_building-materials
c_32478f9bb63f,s_interior-finishings-and-home-living
c_20e1136a21ec,s_business-management-and-professional-services
c_0b368b93ed5f,s_outdoor-living-leisure-and-modular-structures
c_c89e8b644188,s_outdoor-living-leisure-and-modular-structures
c_ef82be7ccb62,s_interior-finishings-and-home-living
c_0417e61e99b4,s_building-materials
c_f78e102cb715,s_global-products
c_90b6ce6095e0,s_building-materials
c_fc3197933418,s_building-materials
c_8619199723da,s_building-materials
c_e6bcdd7c9d54,s_building-materials
c_a12a4946c883,s_building-materials
c_899286e0874c,s_building-materials
c_9ead8eab3f15,s_interior-finishings-and-home-living
c_693ac58ee7af,s_business-management-and-professional-services
c_82809d1743a4,s_interior-finishings-and-home-living
c_c62cadb9e960,s_global-products
c_5fce89cd701d,s_interior-finishings-and-home-living
c_76bff575c27c,s_interior-finishings-and-home-living
c_6a76484c03df,s_business-management-and-professional-services
c_9e969c424423,s_outdoor-living-leisure-and-modular-structures
c_dc2e3057908f,s_interior-finishings-and-home-living
c_72f3aa5b2ae7,s_construction-tools-systems-equipment-and-safety
c_7af7e95be4de,s_building-materials
c_3931a47e5c1b,s_building-materials
c_e31a8a1642c6,s_business-management-and-professional-services
c_542c2063818d,s_construction-tools-systems-equipment-and-safety
c_021f05966a87,s_interior-finishings-and-home-living
c_4046761f96d2,s_building-materials
c_d832e891bd83,s_business-management-and-professional-services
c_6843aa6fb721,s_building-materials
c_de73d4f0a2dd,s_building-materials
c_83e1586fae39,s_building-materials
c_eebe274371d3,s_interior-finishings-and-home-living
c_ed44595156c4,s_construction-tools-systems-equipment-and-safety
c_895c0afc6b03,s_interior-finishings-and-home-living
c_c4e79b1151b8,s_global-products
c_e17fd752a20e,s_global-products
c_35a1d2edf72f,s_interior-finishings-and-home-living
c_e21750343e8a,s_building-materials
c_e51486fb4192,s_interior-finishings-and-home-living
c_c0efb9928471,s_interior-finishings-and-home-living
c_99ae0c8933f9,s_building-materials
c_1f3d1192db6f,s_building-materials
c_949df638440c,s_interior-finishings-and-home-living
c_c27cbb848db7,s_global-products
c_be5d368323fd,s_interior-finishings-and-home-living
c_ed401e0edcce,s_outdoor-living-leisure-and-modular-structures
c_c5459d26037b,s_interior-finishings-and-home-living
c_d53bef35e1f8,s_business-management-and-professional-services
c_c77b960955f6,s_business-management-and-professional-services
c_f767eaa19b64,s_building-materials
c_973cef32715d,s_building-materials
c_f68eccd190d1,s_building-materials
c_2c0cc2c1399d,s_construction-tools-systems-equipment-and-safety
c_2f010feeefdc,s_building-materials
c_70a2615ef01a,s_building-materials
c_03ac84eaafc5,s_building-materials
c_af6c4b15b2dd,s_building-materials
c_b6eb19291100,s_global-products
c_426fca314270,s_global-products
c_1c8145da6261,s_construction-tools-systems-equipment-and-safety
c_c22ae733cfac,s_outdoor-living-leisure-and-modular-structures
c_f986fba19bb8,s_building-materials
c_0fcb1b0407da,s_building-materials
c_ce1ee88770f4,s_interior-finishings-and-home-living
c_606b7761204a,s_construction-tools-systems-equipment-and-safety
c_18331adcbe17,s_construction-tools-systems-equipment-and-safety
c_343ea829d76c,s_business-management-and-professional-services
c_d70097a32fbd,s_construction-tools-systems-equipment-and-safety
c_4647668cb525,s_building-materials
c_e1a70215c191,s_building-materials
c_5fca1395017c,s_building-materials
c_911cb75fa528,s_building-materials
c_61fe030cecc0,s_building-materials
c_404a60e89e43,s_business-management-and-professional-services
c_db523e7796c3,s_building-materials
c_f85368f7a1af,s_building-materials
c_c2c31d5c5a6a,s_business-management-and-professional-services
c_6ee9398713d2,s_global-products
c_4cbae1b36e9e,s_interior-finishings-and-home-living
c_20da6471a973,s_building-materials
c_e139cc33d7a7,s_outdoor-living-leisure-and-modular-structures
c_f7d42eb4742a,s_building-materials
c_da052446477f,s_building-materials
c_d191314d2c39,s_building-materials
c_a7b5b12b48a4,s_interior-finishings-and-home-living
c_d56a0c803092,s_building-materials
c_4e2d2c2b9289,s_business-management-and-professional-services
c_e47b5a438afd,s_building-materials
c_15221d38e3a3,s_building-materials
c_4ef2bbcb7052,s_outdoor-living-leisure-and-modular-structures
c_922270b5e05d,s_business-management-and-professional-services
c_418933b7961c,s_interior-finishings-and-home-living
c_f08f48c5c1a6,s_building-materials
c_0417e29dfb8d,s_construction-tools-systems-equipment-and-safety
c_0f9a76a22c2c,s_interior-finishings-and-home-living
c_6c74d2bea845,s_building-materials
c_2e7ec997ac83,s_interior-finishings-and-home-living
c_7467f3197874,s_business-management-and-professional-services
c_573df675b8d6,s_business-management-and-professional-services
c_d65e236437ab,s_business-management-and-professional-services
c_0067bae1eee9,s_building-materials
c_75a7b4331ea4,s_interior-finishings-and-home-living
c_02f30b3cc8f0,s_outdoor-living-leisure-and-modular-structures
c_c2f60a64e6ba,s_interior-finishings-and-home-living
c_c2575ac02a1d,s_building-materials
c_2799fcef5f0a,s_interior-finishings-and-home-living
c_b9e782edb3e5,s_building-materials
c_93c4e543a58b,s_business-management-and-professional-services
c_750c5cf3b265,s_outdoor-living-leisure-and-modular-structures
c_1aeb775ca764,s_outdoor-living-leisure-and-modular-structures
c_7d41fc813c15,s_business-management-and-professional-services
c_9894eac8ea53,s_building-materials
c_f1a4a678a38b,s_building-materials
c_343801af576b,s_building-materials
c_b70a39f33887,s_interior-finishings-and-home-living
c_5f15044b2fe7,s_construction-tools-systems-equipment-and-safety
c_d32aeb8704b5,s_business-management-and-professional-services
c_d2b92cc640ef,s_building-materials
c_59d0f4f6ac02,s_outdoor-living-leisure-and-modular-structures
c_41f451485261,s_business-management-and-professional-services
c_bb4eb7af4c78,s_building-materials
c_cfcb139866cf,s_business-management-and-professional-services
c_932eacd4b84d,s_outdoor-living-leisure-and-modular-structures
c_386332bbd524,s_building-materials
c_e7350056ea22,s_building-materials
c_bdc102a2513f,s_outdoor-living-leisure-and-modular-structures
c_919f0748a126,s_interior-finishings-and-home-living
c_0c46cafa3178,s_business-management-and-professional-services
c_c570cf10101c,s_building-materials
c_0c5d9986ff9d,s_outdoor-living-leisure-and-modular-structures
c_8d00cce58830,s_building-materials
c_373a802ba4f0,s_interior-finishings-and-home-living
c_c3375a896b1c,s_building-materials
c_762b91ff4858,s_interior-finishings-and-home-living
c_8f609958dc72,s_interior-finishings-and-home-living
c_da8992535952,s_interior-finishings-and-home-living
c_45e8ae7277ac,s_building-materials
c_62f5782a1ef2,s_building-materials
c_30268696cc21,s_building-materials
c_7beefa174c75,s_building-materials
c_499e98cc0408,s_construction-tools-systems-equipment-and-safety
c_2b971c4cb4f4,s_building-materials
c_e9c5f9c056ce,s_interior-finishings-and-home-living
c_b65ef50e5f77,s_business-management-and-professional-services
c_afa700f0a5f5,s_outdoor-living-leisure-and-modular-structures
c_bd8074c9dac9,s_outdoor-living-leisure-and-modular-structures
c_0ce3e0143f5e,s_building-materials
c_98b6ff3d502a,s_business-management-and-professional-services
c_123e9eadb8f9,s_building-materials
c_15f4ede2869a,s_interior-finishings-and-home-living
c_4acbd5066a75,s_outdoor-living-leisure-and-modular-structures
c_cdab229f6ab8,s_business-management-and-professional-services
c_c9c05b4c2d0a,s_building-materials
c_032363d2c1a7,s_interior-finishings-and-home-living
c_f78ec671f892,s_interior-finishings-and-home-living
c_bc9b1ce19bc7,s_interior-finishings-and-home-living
c_3ec9f01648b9,s_global-products
c_44861d93d1df,s_business-management-and-professional-services
c_2f3030819296,s_building-materials
c_b66fb8ec9ace,s_building-materials
c_ea1a660726ca,s_building-materials
c_2ee89e00bee3,s_outdoor-living-leisure-and-modular-structures
c_698722216950,s_building-materials
c_ad45d8cff2ab,s_building-materials
c_77b2e022a081,s_building-materials
c_3718fbbb4f96,s_business-management-and-professional-services
c_d3364af9e86c,s_building-materials
c_680a3f3b5d46,s_interior-finishings-and-home-living
c_a179e20f5c72,s_building-materials
c_6f26dfa19d8b,s_interior-finishings-and-home-living
c_c00cc1bfa698,s_building-materials
c_abd77cad33a1,s_outdoor-living-leisure-and-modular-structures
c_3a5eec355492,s_building-materials
c_975ed3624dfd,s_building-materials
c_af54c7c63f18,s_building-materials
c_29dfeeb540b6,s_business-management-and-professional-services
c_f0f4d5efa39d,s_construction-tools-systems-equipment-and-safety
c_423a4397eae2,s_interior-finishings-and-home-living
c_0f180b47ba9f,s_building-materials
c_e8a8b6a91ca5,s_construction-tools-systems-equipment-and-safety
c_b656d8085caf,s_business-management-and-professional-services
c_7c46d4c0e5c8,s_building-materials
c_171e4bcdecec,s_interior-finishings-and-home-living
c_ccc88d69e239,s_building-materials
c_93163d827369,s_building-materials
c_53a5d5934059,s_building-materials
c_9430e86c8f21,s_building-materials
c_46bb9827ce78,s_construction-tools-systems-equipment-and-safety
c_22f22abadf80,s_building-materials
c_45e5af3ca401,s_interior-finishings-and-home-living
c_8fbc747505a0,s_interior-finishings-and-home-living
c_f1b74b91c63d,s_business-management-and-professional-services
c_c8d157fd386b,s_outdoor-living-leisure-and-modular-structures
c_a657e2a4c1dd,s_construction-tools-systems-equipment-and-safety
c_325cff7ccff6,s_outdoor-living-leisure-and-modular-structures
c_0f686776883f,s_building-materials
c_492e7d7caa98,s_construction-tools-systems-equipment-and-safety
c_849761f7c94c,s_building-materials
c_ff5afb6f3fe8,s_interior-finishings-and-home-living
c_42533f972bc3,s_building-materials
c_e74001354c4d,s_outdoor-living-leisure-and-modular-structures
c_fb3faabd46d9,s_interior-finishings-and-home-living
c_d551199cf3b8,s_interior-finishings-and-home-living
c_0ca259565a48,s_building-materials
c_4b49744a54d7,s_business-management-and-professional-services
c_59e98d65b384,s_building-materials
c_f4e09b31dd75,s_interior-finishings-and-home-living
c_5482ba0c182b,s_interior-finishings-and-home-living
c_32edd2eb9412,s_building-materials
c_11b08abe3b22,s_business-management-and-professional-services
c_fcd4e8b55093,s_interior-finishings-and-home-living
c_c498b7d1d283,s_outdoor-living-leisure-and-modular-structures
c_c90c0f0fa1e8,s_building-materials
c_2e134c2fdded,s_building-materials
c_1d1f87361ad1,s_construction-tools-systems-equipment-and-safety
c_40a318b45d6d,s_building-materials
c_0d7facdcb752,s_outdoor-living-leisure-and-modular-structures
c_813665d08d19,s_building-materials
c_613662260b72,s_outdoor-living-leisure-and-modular-structures
c_49f82405773e,s_building-materials
c_2d3088dc99b3,s_building-materials
c_d66bd3461066,s_business-management-and-professional-services
c_5b6248070806,s_business-management-and-professional-services
c_810888829faa,s_building-materials
c_92e015985d95,s_building-materials
c_4286272e5755,s_building-materials
c_f36146b8947d,s_building-materials
c_ee6044d74842,s_global-products
c_9cc206a113a6,s_global-products
c_ca2bb1edf2c3,s_interior-finishings-and-home-living
c_3fbc13bc2893,s_construction-tools-systems-equipment-and-safety
c_8abd1911fa5c,s_construction-tools-systems-equipment-and-safety
c_569745b8a3c5,s_business-management-and-professional-services
c_b8150b5c41c5,s_building-materials
c_bb3834188fff,s_business-management-and-professional-services
c_ce438e25ede8,s_building-materials
c_db9f5bcc200d,s_interior-finishings-and-home-living
c_818c3d0268d4,s_business-management-and-professional-services
c_a620b2d29be2,s_outdoor-living-leisure-and-modular-structures
c_27bb393944c1,s_business-management-and-professional-services
c_c08bb56e8b34,s_building-materials
c_f27f5587b2c0,s_interior-finishings-and-home-living
c_a83a410a10ea,s_business-management-and-professional-services
c_ef9d1ec769c6,s_building-materials
c_5e9ea563f690,s_building-materials
c_4c991a1016a3,s_business-management-and-professional-services
c_ae889d490db9,s_outdoor-living-leisure-and-modular-structures
c_e7218db1fa6e,s_building-materials
c_fdabd5a5ca05,s_building-materials
c_cc831d4e9359,s_building-materials
c_9aa9b73c8ca0,s_business-management-and-professional-services
c_c4e113501465,s_building-materials
c_92d4d4f25f02,s_interior-finishings-and-home-living
c_be12a376f3c6,s_business-management-and-professional-services
c_a76ca1ecfc84,s_building-materials
c_387bc1f8ec4b,s_building-materials
c_f441d1d9a806,s_construction-tools-systems-equipment-and-safety
c_cb3c083519c3,s_interior-finishings-and-home-living
c_3eb965513449,s_building-materials
c_edf5d01c1824,s_business-management-and-professional-services
c_e136ea32507f,s_building-materials
c_ffb78b7e5159,s_building-materials
c_a53e23335a43,s_building-materials
c_6de26db31838,s_building-materials
c_6136e0ad26e7,s_business-management-and-professional-services
c_9127a3f6d125,s_building-materials
c_23924bad076b,s_interior-finishings-and-home-living
c_72be4b0901d3,s_building-materials
c_5915d0250941,s_building-materials
c_0e40aa555d77,s_interior-finishings-and-home-living
c_9749d2f3fcb4,s_building-materials
c_005910ab605d,s_building-materials
c_f167130e6262,s_building-materials
c_3476b30570b9,s_building-materials
c_24e6ddbd35e4,s_interior-finishings-and-home-living
c_af6b9f2b8379,s_outdoor-living-leisure-and-modular-structures
c_a2b21989d844,s_building-materials
c_478748fe3951,s_business-management-and-professional-services
c_1e060f1c7a89,s_building-materials
c_c99421e2e485,s_building-materials
c_be545b85feb2,s_building-materials
c_edffbbdc1146,s_construction-tools-systems-equipment-and-safety
c_91948e02a62a,s_outdoor-living-leisure-and-modular-structures
c_ee1af5acbf1e,s_building-materials
c_214c898b2978,s_building-materials
c_20a6872fd946,s_business-management-and-professional-services
c_581f1ae712be,s_business-management-and-professional-services
c_c6e7c852bed0,s_building-materials
c_e8bc9c5ffdf7,s_construction-tools-systems-equipment-and-safety
c_d61ff31a1d50,s_business-management-and-professional-services
c_10816d9306dc,s_global-products
c_905b4442ff79,s_building-materials
c_8005d83991f7,s_building-materials
c_5dde2db8c587,s_building-materials
c_8b3f2167053b,s_building-materials
c_39312d58c4c6,s_interior-finishings-and-home-living
c_6dc08593c8f2,s_interior-finishings-and-home-living
c_724522477965,s_building-materials
c_63a99cd27405,s_building-materials
c_a7192ce7d1f0,s_building-materials
c_7ed81d978129,s_building-materials
c_93ff610cf69f,s_outdoor-living-leisure-and-modular-structures
c_41f0e36bf360,s_outdoor-living-leisure-and-modular-structures
c_3e7e89f683bc,s_construction-tools-systems-equipment-and-safety
c_0d783391a924,s_building-materials
c_f4a5ceb73881,s_outdoor-living-leisure-and-modular-structures
c_51bfffba1b22,s_building-materials
c_a4f8bf2ab9be,s_building-materials
c_598ac8f416e6,s_building-materials
c_400e76149fd8,s_construction-tools-systems-equipment-and-safety
c_3efbbabed8fd,s_building-materials
c_b0a4df06a7eb,s_business-management-and-professional-services
c_866f428c97c4,s_building-materials
c_30c0551b00c4,s_outdoor-living-leisure-and-modular-structures
c_5a4316d52fce,s_building-materials
c_927b44b97e9e,s_interior-finishings-and-home-living
c_4ef332e31813,s_building-materials
c_ff041841abd7,s_building-materials
c_171c18344ed3,s_building-materials
c_6554988c7b52,s_business-management-and-professional-services
c_8692c7cf7df6,s_construction-tools-systems-equipment-and-safety
c_657fe0efb07c,s_interior-finishings-and-home-living
c_f1cfb918f821,s_building-materials
c_a2f65047c58b,s_building-materials
c_a732463de8d4,s_business-management-and-professional-services
c_75ffffd26198,s_interior-finishings-and-home-living
c_9234f76e1809,s_construction-tools-systems-equipment-and-safety
c_4462e11273b3,s_building-materials
c_9e8d29681910,s_building-materials
c_627d4ec9f6e5,s_outdoor-living-leisure-and-modular-structures
c_d5ebecca2faa,s_building-materials
c_c97ef06e1d54,s_outdoor-living-leisure-and-modular-structures
c_268331551def,s_business-management-and-professional-services
c_d979d89c1ba1,s_construction-tools-systems-equipment-and-safety
c_5a74ed002cf2,s_interior-finishings-and-home-living
c_1ee74c678570,s_building-materials
c_511bbd92ef7e,s_building-materials
c_a29c50db33e0,s_interior-finishings-and-home-living
c_1d8876cf9f30,s_construction-tools-systems-equipment-and-safety
c_f07cdbf42d56,s_construction-tools-systems-equipment-and-safety
c_0319a141f645,s_building-materials
c_e4e52eff595e,s_interior-finishings-and-home-living
c_d1b8bf60eb16,s_business-management-and-professional-services
c_49928ed0623c,s_interior-finishings-and-home-living
c_dfa86279de8b,s_interior-finishings-and-home-living
c_17bf89a0addb,s_outdoor-living-leisure-and-modular-structures
c_d543166feae4,s_building-materials
c_9c705befcded,s_outdoor-living-leisure-and-modular-structures
c_663f42fda0f1,s_construction-tools-systems-equipment-and-safety
c_7fe572cda8c3,s_interior-finishings-and-home-living
c_f470a9903c71,s_building-materials
c_31dbe3da94b3,s_business-management-and-professional-services
c_e2c55c2502c7,s_building-materials
c_493f2e5ff1bd,s_building-materials
c_6dc14c187de2,s_building-materials
c_8d6aed2db2e3,s_building-materials
c_b4b00cc9e6b4,s_outdoor-living-leisure-and-modular-structures
c_75b17d2ab3a9,s_building-materials
c_845d9811be4c,s_business-management-and-professional-services
c_b7f360bd7098,s_construction-tools-systems-equipment-and-safety
c_021b775867fa,s_building-materials
c_8936ebfb556d,s_construction-tools-systems-equipment-and-safety
c_3c33ee8340a6,s_interior-finishings-and-home-living
c_9e4f1d64f5c3,s_business-management-and-professional-services
c_c2b8c654f271,s_interior-finishings-and-home-living
c_dcd7b709ecc5,s_building-materials
c_3b9de8831559,s_construction-tools-systems-equipment-and-safety
c_e946a9040731,s_building-materials
c_5e224b5f4ec5,s_outdoor-living-leisure-and-modular-structures
c_93b96837cd0a,s_business-management-and-professional-services
c_f35c9ec298a2,s_construction-tools-systems-equipment-and-safety
c_ed9c4e10e98b,s_interior-finishings-and-home-living
c_22ba63bd87d3,s_building-materials
c_1b33c71547b6,s_outdoor-living-leisure-and-modular-structures
c_58c5fd836ab4,s_business-management-and-professional-services
c_69f84d222b95,s_outdoor-living-leisure-and-modular-structures
c_981ae1bd64a9,s_building-materials
c_09f2a0e94ca6,s_interior-finishings-and-home-living
c_9d872a125220,s_outdoor-living-leisure-and-modular-structures
c_d7431ea7ab72,s_business-management-and-professional-services
c_00aa79722821,s_construction-tools-systems-equipment-and-safety
c_2698ddbae89a,s_building-materials
c_2ab401f18f2c,s_construction-tools-systems-equipment-and-safety
c_b32eb10c224f,s_business-management-and-professional-services
c_eedaa678aa24,s_building-materials
c_e209dd3e7b9d,s_building-materials
c_4825efbb2764,s_building-materials
c_42e2715b0955,s_building-materials
c_a55823dea24b,s_interior-finishings-and-home-living
c_0e90ec855e3c,s_construction-tools-systems-equipment-and-safety
c_9d240a6fec1d,s_building-materials
c_e246fd69beb1,s_building-materials
c_2c90e1ddc611,s_building-materials
c_51ec0df360d3,s_outdoor-living-leisure-and-modular-structures
c_f0be386ff316,s_construction-tools-systems-equipment-and-safety
c_3c8a319f3f46,s_outdoor-living-leisure-and-modular-structures
c_bcf44f1cbc96,s_interior-finishings-and-home-living
c_2d9de32eacfc,s_interior-finishings-and-home-living
c_6a7741bf77d1,s_building-materials
c_074d91261ce8,s_building-materials
c_ef88bcedc5b1,s_building-materials
c_75a0df61b826,s_interior-finishings-and-home-living
c_a520b30dab12,s_building-materials
c_da80dc8be9ab,s_business-management-and-professional-services
c_ff34b558e560,s_building-materials
c_db955e759b37,s_construction-tools-systems-equipment-and-safety
c_aeb0d12f9500,s_building-materials
c_f050087a76f8,s_building-materials
c_a55b116a9201,s_building-materials
c_74db40ece68f,s_outdoor-living-leisure-and-modular-structures
c_5b496fa634a6,s_outdoor-living-leisure-and-modular-structures
c_91632b501254,s_business-management-and-professional-services
c_d78a821f1a56,s_outdoor-living-leisure-and-modular-structures
c_4ff89c5d7fe3,s_building-materials
c_3247d0d4a612,s_building-materials
c_5f5b8f1502c4,s_interior-finishings-and-home-living
c_f0f803aace3d,s_building-materials
c_70e5b88800fe,s_interior-finishings-and-home-living
c_bca5c8cb30c5,s_construction-tools-systems-equipment-and-safety
c_3d53dcee547d,s_construction-tools-systems-equipment-and-safety
c_d16e32c2dd1d,s_building-materials
c_afb2a2751d21,s_building-materials
c_73c8310d3f79,s_construction-tools-systems-equipment-and-safety
c_fceb1dd6ae32,s_building-materials
c_b8456b9e13a4,s_building-materials
c_a4c474792970,s_business-management-and-professional-services
c_d5a2eba915cd,s_interior-finishings-and-home-living
c_a0e08aec6afb,s_business-management-and-professional-services
c_5e3b0c05a04c,s_building-materials
c_c608d04ca7cb,s_outdoor-living-leisure-and-modular-structures
c_17486724890e,s_interior-finishings-and-home-living
c_36a5638444dc,s_business-management-and-professional-services
c_087d0e6b2278,s_business-management-and-professional-services
c_689627dd90df,s_business-management-and-professional-services
c_07637040a2bd,s_interior-finishings-and-home-living
c_edc6f0adb327,s_building-materials
c_39d18b20dfee,s_business-management-and-professional-services
c_45c96109c278,s_building-materials
c_4a3cec055f39,s_building-materials
c_6c1677b716c5,s_business-management-and-professional-services
c_6bdbe79c87f2,s_outdoor-living-leisure-and-modular-structures
c_fa77d7e22fed,s_building-materials
c_f4cb850cf0e6,s_business-management-and-professional-services
c_36bfda175d82,s_interior-finishings-and-home-living
c_2aaeb78e01a4,s_building-materials
c_8095b776c7bf,s_business-management-and-professional-services
c_3370cd407538,s_construction-tools-systems-equipment-and-safety
c_7d5a92ae4b31,s_building-materials
c_bf421cec0dfa,s_interior-finishings-and-home-living
c_ea6a60ab9585,s_global-products
c_67db9e94bfb0,s_building-materials
c_3d92d7dd15a7,s_building-materials
c_d1ef15021a06,s_outdoor-living-leisure-and-modular-structures
c_13dceb881323,s_building-materials
c_19053eb631e3,s_building-materials
c_82fd2284ccb0,s_interior-finishings-and-home-living
c_99ebfc494b1f,s_building-materials
c_aef34e4a2eda,s_business-management-and-professional-services
c_255c70b4a58a,s_building-materials
c_b0a325836438,s_outdoor-living-leisure-and-modular-structures
c_dce4edc1f1df,s_building-materials
c_ecbc41d51048,s_business-management-and-professional-services
c_c11271bdd02f,s_business-management-and-professional-services
c_d90caabf3274,s_building-materials
c_ef046ce0c65b,s_building-materials
c_ee2c13e086f9,s_construction-tools-systems-equipment-and-safety
c_dd39bfe95cfc,s_building-materials
c_641c1ab141b9,s_interior-finishings-and-home-living
c_4d03f65ecee7,s_building-materials
c_5b4cb534fa49,s_building-materials
c_963fffa7d1c5,s_interior-finishings-and-home-living
c_ae7b114758b6,s_building-materials
c_b09362ab14aa,s_outdoor-living-leisure-and-modular-structures
c_ac6c6538e74b,s_interior-finishings-and-home-living
c_1d2406389c09,s_building-materials
c_870899048f46,s_building-materials
c_6fbbcfdfe7d9,s_business-management-and-professional-services
c_e7be1ea399bf,s_business-management-and-professional-services
c_08b0ebe638d7,s_business-management-and-professional-services
c_901a71ab37d7,s_interior-finishings-and-home-living
c_c162d9052758,s_construction-tools-systems-equipment-and-safety
c_5904a5f9ce4b,s_building-materials
c_f078e406a242,s_business-management-and-professional-services
c_d3dc6ad4ef9a,s_business-management-and-professional-services
c_a183f4d31df0,s_building-materials
c_f05e20d6548c,s_construction-tools-systems-equipment-and-safety
c_9985faf594ab,s_business-management-and-professional-services
c_e2e4c3948acf,s_outdoor-living-leisure-and-modular-structures
c_9f502e9774f6,s_building-materials
c_c8080c7a947b,s_interior-finishings-and-home-living
c_26dbd1c7df35,s_interior-finishings-and-home-living
c_61313a768253,s_interior-finishings-and-home-living
c_778be6d2d55a,s_building-materials
c_c5cc5ce5ccae,s_construction-tools-systems-equipment-and-safety
c_fbf0b80142aa,s_construction-tools-systems-equipment-and-safety
c_ab847fe7646e,s_business-management-and-professional-services
c_777e749dced0,s_building-materials
c_3cdf71383d34,s_building-materials
c_f268e8b9b107,s_building-materials
c_22b1787c5c17,s_construction-tools-systems-equipment-and-safety
c_08129a5ca0fa,s_construction-tools-systems-equipment-and-safety
c_6107c18f4563,s_outdoor-living-leisure-and-modular-structures
c_cafb2f3ce991,s_building-materials
c_83d35907df48,s_building-materials
c_a00db2f02f04,s_business-management-and-professional-services
c_c7c3ee8d4f8c,s_building-materials
c_af5a8b6332dd,s_construction-tools-systems-equipment-and-safety
c_a00f88c66c27,s_building-materials
c_70309eaf9489,s_building-materials
c_4c50c1e92a0a,s_construction-tools-systems-equipment-and-safety
c_c9ce81eb4853,s_building-materials
c_15565e5b4f77,s_building-materials
c_b77f53e16574,s_building-materials
c_9f8490046b7d,s_interior-finishings-and-home-living
c_0d4e6606a74c,s_global-products
c_6e67f1cb8cd5,s_global-products
c_02dbfc05d6b2,s_outdoor-living-leisure-and-modular-structures
c_195b193e2661,s_building-materials
c_79bad09dafa2,s_building-materials
c_f848d171e7c9,s_building-materials
c_6335067f252a,s_interior-finishings-and-home-living
c_c6852cd148a2,s_building-materials
c_928a6336e642,s_building-materials
c_3e7830c158dc,s_building-materials
c_0fa0c52ba8de,s_building-materials
c_8e9353676012,s_building-materials
c_0017bce12b99,s_building-materials
c_51a5ba119e5f,s_building-materials
c_0740ce6ac210,s_interior-finishings-and-home-living
c_a80af5772cbe,s_construction-tools-systems-equipment-and-safety
c_a895e7ec0b98,s_business-management-and-professional-services
c_56ea3737bfda,s_building-materials
c_cf08189035eb,s_global-products
c_f3830322c3c3,s_building-materials
c_8e6a5b852efb,s_building-materials
c_2fda03802e5e,s_building-materials
c_8c9ff89cbed2,s_building-materials
c_c35c37027e42,s_business-management-and-professional-services
c_40670f2c99e6,s_building-materials
c_950ce6aa9b2c,s_construction-tools-systems-equipment-and-safety
c_fd2d0207e419,s_interior-finishings-and-home-living
c_da9ee9bc8d65,s_interior-finishings-and-home-living
c_eff209bd47c4,s_business-management-and-professional-services
c_ca5fe4c4f845,s_construction-tools-systems-equipment-and-safety
c_2a1ab79529c5,s_construction-tools-systems-equipment-and-safety
c_3e4497132d17,s_building-materials
c_5e3c84709ae8,s_construction-tools-systems-equipment-and-safety
c_dd825460a590,s_building-materials
c_4ba85ab423d8,s_building-materials
c_4be4b88598b8,s_building-materials
c_f4bf040248c7,s_building-materials
c_6a9ef9f7670c,s_building-materials
c_196ceace6ea1,s_business-management-and-professional-services
c_951fd37fe1fc,s_interior-finishings-and-home-living
c_af2b51f1e2e1,s_building-materials
c_ca12f805f6c3,s_building-materials
c_a3a8af9dfb22,s_business-management-and-professional-services
c_0798d87b3182,s_business-management-and-professional-services
c_9d5b0fd19130,s_construction-tools-systems-equipment-and-safety
c_55092a7945e4,s_building-materials
c_f04a8bccd882,s_building-materials
c_a55ef978dedc,s_outdoor-living-leisure-and-modular-structures
c_fbc9d874b4b6,s_building-materials
c_ab83160c41d0,s_outdoor-living-leisure-and-modular-structures
c_cad30f237c1f,s_business-management-and-professional-services
c_6264521f5da3,s_business-management-and-professional-services
c_1969383f3d21,s_building-materials
c_a7edd25adc3c,s_business-management-and-professional-services
c_e18d1210578a,s_interior-finishings-and-home-living
c_cec9f5424bac,s_outdoor-living-leisure-and-modular-structures
c_7ef7924611a8,s_outdoor-living-leisure-and-modular-structures
c_fd52e81f499a,s_construction-tools-systems-equipment-and-safety
c_6ccde0616ec0,s_building-materials
c_2e4809e2aab3,s_building-materials
c_9fc6b1fe41df,s_building-materials
c_be2528fe9dca,s_building-materials
c_be821695d475,s_business-management-and-professional-services
c_e5f754088df4,s_building-materials
c_688683aa3455,s_interior-finishings-and-home-living
c_287da33ad240,s_business-management-and-professional-services
c_adffbb810bb9,s_building-materials
c_27eba0d6c3d0,s_global-products
c_4dcf34a28bf3,s_interior-finishings-and-home-living
c_981997aaf7dc,s_business-management-and-professional-services
c_def04e7bf151,s_interior-finishings-and-home-living
c_fc8c6278a625,s_business-management-and-professional-services
c_b9b2f60a2f76,s_building-materials
c_ebaf8821c295,s_interior-finishings-and-home-living
c_16998b853ff6,s_building-materials
c_7f318cc1f499,s_business-management-and-professional-services
c_96d7e6a01066,s_building-materials
c_1d354e1f6382,s_business-management-and-professional-services
c_e9424e9e6b8d,s_building-materials
c_203429524e81,s_building-materials
c_83e61d4e9439,s_outdoor-living-leisure-and-modular-structures
c_fce60d18d05b,s_building-materials
c_22a2cca8b903,s_building-materials
c_d8131a39f603,s_building-materials
c_13150075b1c5,s_interior-finishings-and-home-living
c_b69bafd19354,s_building-materials
c_d4803ce2e300,s_building-materials
c_9f387cb44b80,s_construction-tools-systems-equipment-and-safety
c_13c33e0d283c,s_outdoor-living-leisure-and-modular-structures
c_c5414a0ac946,s_building-materials
c_e678af939f4d,s_building-materials
c_04543ebd9977,s_interior-finishings-and-home-living
c_bb309e45693d,s_construction-tools-systems-equipment-and-safety
c_b3c7c8e65d18,s_building-materials
c_91d6d5ca9fd9,s_outdoor-living-leisure-and-modular-structures
c_8230117ec609,s_business-management-and-professional-services
c_9df18cdaa10a,s_business-management-and-professional-services
c_d63e969d6769,s_outdoor-living-leisure-and-modular-structures
c_db8e481b55ef,s_building-materials
c_be42cb4d659e,s_building-materials
c_500515a18153,s_construction-tools-systems-equipment-and-safety
c_1add52a9fe5d,s_business-management-and-professional-services
c_2d1ad968d8b9,s_building-materials
c_b9207a3c4170,s_building-materials
c_b525976af7e9,s_business-management-and-professional-services
c_b565518ef354,s_interior-finishings-and-home-living
c_bdb4eacb0e0c,s_building-materials
c_e4bd80556814,s_interior-finishings-and-home-living
c_6499babdd997,s_outdoor-living-leisure-and-modular-structures
c_d741dd4b688a,s_construction-tools-systems-equipment-and-safety
c_16942dc9f631,s_building-materials
c_a8fc3486c785,s_outdoor-living-leisure-and-modular-structures
c_534928dfc183,s_interior-finishings-and-home-living
c_f1d12327fae0,s_construction-tools-systems-equipment-and-safety
c_f046c79f2115,s_building-materials
c_7c9b22f08127,s_building-materials
c_8c84342996b9,s_outdoor-living-leisure-and-modular-structures
c_88d96fee7fa2,s_building-materials
c_a62f9a6fb2ad,s_building-materials
c_1d228dab3280,s_construction-tools-systems-equipment-and-safety
c_a2de1bf4dff6,s_building-materials
c_b8ed759031f8,s_construction-tools-systems-equipment-and-safety
c_d25337f13922,s_global-products
c_d81ccc5a73fe,s_building-materials
c_54073bd119e1,s_interior-finishings-and-home-living
c_8c145e887393,s_building-materials
c_3c034526febb,s_building-materials
c_681f179242dd,s_building-materials
c_cd17778d1526,s_outdoor-living-leisure-and-modular-structures
c_715d80df9ed9,s_building-materials
c_8fa83e490ede,s_building-materials
c_c436d7dbfec3,s_building-materials
c_00a4ae6d61f8,s_outdoor-living-leisure-and-modular-structures
c_85c918da1400,s_interior-finishings-and-home-living
c_a8b36299eff2,s_business-management-and-professional-services
c_84f4784976d6,s_business-management-and-professional-services
c_51b0204c65fd,s_outdoor-living-leisure-and-modular-structures
c_0913ca321efb,s_construction-tools-systems-equipment-and-safety
c_b5f0809407d6,s_outdoor-living-leisure-and-modular-structures
c_3addd5997a4f,s_construction-tools-systems-equipment-and-safety
c_56b1fd25031b,s_construction-tools-systems-equipment-and-safety
c_97729405c4f9,s_building-materials
c_8bdf7f52c4d2,s_outdoor-living-leisure-and-modular-structures
c_8d0b9026857b,s_business-management-and-professional-services
c_4f82baf72cc4,s_building-materials
c_f46b5e060a4e,s_building-materials
c_26efcf3faefc,s_building-materials
c_375e1afe5263,s_interior-finishings-and-home-living
c_f6acd26bb023,s_business-management-and-professional-services
c_266c5c964f15,s_business-management-and-professional-services
c_f57fd33a4505,s_business-management-and-professional-services
c_5e1dd793e222,s_outdoor-living-leisure-and-modular-structures
c_c8b4c621a679,s_building-materials
c_bf6ab0eca8d7,s_construction-tools-systems-equipment-and-safety
c_6bfbbcaeee09,s_construction-tools-systems-equipment-and-safety
c_579ad90066f5,s_outdoor-living-leisure-and-modular-structures
c_98c622b29535,s_building-materials
c_33d77a32b13c,s_building-materials
c_a9cd2029ecaa,s_outdoor-living-leisure-and-modular-structures
c_c2e86748e29a,s_building-materials
c_a3964b724817,s_business-management-and-professional-services
c_2d31019e707e,s_building-materials
c_9c86e1421807,s_construction-tools-systems-equipment-and-safety
c_1d8aa3a1049c,s_business-management-and-professional-services
c_d3c23f2b8653,s_business-management-and-professional-services
c_9cf4a24a90f4,s_building-materials
c_4dbfcd9e9690,s_building-materials
c_a4e954bf171c,s_interior-finishings-and-home-living
c_1b10d4c9dedc,s_business-management-and-professional-services
c_782e6ae602fb,s_outdoor-living-leisure-and-modular-structures
c_86b03eb09440,s_business-management-and-professional-services
c_b6ed798541c2,s_outdoor-living-leisure-and-modular-structures
c_92104aaccc44,s_business-management-and-professional-services
c_c7123ad41d29,s_business-management-and-professional-services
c_dae0eee61d01,s_business-management-and-professional-services
c_87d3fd132dd5,s_building-materials
c_55903d1e731b,s_outdoor-living-leisure-and-modular-structures
c_091521aa5a04,s_business-management-and-professional-services
c_4739bebaec76,s_building-materials
c_5e4dc5a9b342,s_global-products
c_012f61d800e2,s_business-management-and-professional-services
c_9ecb59a6532b,s_construction-tools-systems-equipment-and-safety
c_67e915396cd2,s_outdoor-living-leisure-and-modular-structures
c_fb4c04596e1a,s_construction-tools-systems-equipment-and-safety
c_4b2906ff92d9,s_interior-finishings-and-home-living
c_0664f61c0c20,s_outdoor-living-leisure-and-modular-structures
c_e8dc97cd6fc4,s_outdoor-living-leisure-and-modular-structures
c_f3bfa6938112,s_building-materials
c_cca0d01f50ff,s_outdoor-living-leisure-and-modular-structures
c_bcd971f84d7b,s_building-materials
c_1c2bc51761eb,s_construction-tools-systems-equipment-and-safety
c_1912c14bdbec,s_business-management-and-professional-services
c_e2bb30a1d641,s_interior-finishings-and-home-living
c_4e7e34b96c21,s_business-management-and-professional-services
c_703fd096722f,s_building-materials
c_af8c64f6b3cb,s_building-materials
c_65a976ed24dd,s_business-management-and-professional-services
c_fa806dff9a1a,s_building-materials
c_031b7782b2a3,s_construction-tools-systems-equipment-and-safety
c_3972815224a5,s_building-materials
c_3fb1c9ef2aba,s_interior-finishings-and-home-living
c_050ebd8adb31,s_outdoor-living-leisure-and-modular-structures
c_4b785cb59423,s_outdoor-living-leisure-and-modular-structures
c_51e4837b394e,s_building-materials
c_3e9d23be1ba0,s_outdoor-living-leisure-and-modular-structures
c_b16bd09cca49,s_business-management-and-professional-services
c_65541a87a688,s_interior-finishings-and-home-living
c_f55e447a84e9,s_building-materials
c_6435471fe2f2,s_building-materials
c_f667cc40c326,s_building-materials
c_c4788fa53ff7,s_construction-tools-systems-equipment-and-safety
c_46ee7c5cd2e4,s_building-materials
c_af53472a5937,s_construction-tools-systems-equipment-and-safety
c_71838153ac04,s_interior-finishings-and-home-living
c_87ace20e84da,s_building-materials
c_d20457a88e30,s_business-management-and-professional-services
c_3de0153d448b,s_building-materials
c_b4d18c226543,s_outdoor-living-leisure-and-modular-structures
c_c270977e7ae2,s_building-materials
c_cee4b44f6667,s_business-management-and-professional-services
c_b24f03eccfdc,s_interior-finishings-and-home-living
c_9881b4d41421,s_building-materials
c_bab31fa4be49,s_construction-tools-systems-equipment-and-safety
c_f86b4581a77e,s_business-management-and-professional-services
c_ef136989e82c,s_building-materials
c_b012db988f19,s_interior-finishings-and-home-living
c_a4d9d000bf7f,s_business-management-and-professional-services
c_bc0e1adf27e2,s_global-products
c_a4c35da64365,s_business-management-and-professional-services
c_ebfa3f361adc,s_building-materials
c_784964c40bbe,s_business-management-and-professional-services
c_ece1ccbde93d,s_building-materials
c_86ae513ca88b,s_outdoor-living-leisure-and-modular-structures
c_a2adf1ab2cad,s_building-materials
c_66bce1cefef0,s_building-materials
c_ef32646753db,s_interior-finishings-and-home-living
c_71ddbe748205,s_interior-finishings-and-home-living
c_6005bd2537b3,s_building-materials
c_f14a89ae0184,s_building-materials
c_40bad1509542,s_construction-tools-systems-equipment-and-safety
c_3b00838052a3,s_building-materials
c_006db489d963,s_interior-finishings-and-home-living
c_783ddae7007b,s_building-materials
c_a79c685e4401,s_building-materials
c_fb78214b2201,s_building-materials
c_110d26485696,s_building-materials
c_6fb2a5cddc3e,s_building-materials
c_870baf2ab2d9,s_interior-finishings-and-home-living
c_d28a8e1b8744,s_construction-tools-systems-equipment-and-safety
c_29653c6a59dc,s_building-materials
c_38d43e9e3750,s_interior-finishings-and-home-living
c_6599423d2f1a,s_construction-tools-systems-equipment-and-safety
c_d1b183320832,s_business-management-and-professional-services
c_39aa30a08002,s_building-materials
c_5eb71de9a2fe,s_interior-finishings-and-home-living
c_d82eab886a5f,s_building-materials
c_343c91a3be37,s_building-materials
c_929922fc1343,s_building-materials
c_0bcaeab9c531,s_construction-tools-systems-equipment-and-safety
c_af4ea07fdcb6,s_building-materials
c_d2a0539d397f,s_interior-finishings-and-home-living
c_6046fd05a23b,s_construction-tools-systems-equipment-and-safety
c_79872407e5c0,s_building-materials
c_fbe86c2c4e48,s_building-materials
c_5e0f8bd50fec,s_business-management-and-professional-services
c_97d0f3a73a77,s_interior-finishings-and-home-living
c_8c9ed755d101,s_building-materials
c_878cfdf5f5c9,s_outdoor-living-leisure-and-modular-structures
c_7a2c47ec7183,s_building-materials
c_921ed9abcba1,s_building-materials
c_ee7ef5b83ca2,s_building-materials
c_11ba41ce022b,s_construction-tools-systems-equipment-and-safety
c_21111bfeb15c,s_building-materials
c_24fde38b9bbd,s_building-materials
c_d9a78d9fa25e,s_interior-finishings-and-home-living
c_55bf9439592e,s_building-materials
c_f9fc08a91e4f,s_interior-finishings-and-home-living
c_a6e4cc1e1adf,s_interior-finishings-and-home-living
c_d514588edbfa,s_building-materials
c_2656195671d2,s_business-management-and-professional-services
c_03a3031b43e8,s_construction-tools-systems-equipment-and-safety
c_352111ead816,s_interior-finishings-and-home-living
c_1fd3d5784c47,s_interior-finishings-and-home-living
c_72def9d838a0,s_construction-tools-systems-equipment-and-safety
c_a62a28457010,s_building-materials
c_f7e84b5a7ff4,s_building-materials
c_b6e1ed9590c6,s_building-materials
c_cbff05a30a74,s_building-materials
c_7bd9362c6843,s_building-materials
c_b551ca570f0e,s_building-materials
c_8e57ddd941d0,s_building-materials
c_4c771a7ebbf7,s_building-materials
c_afa28297d0ff,s_building-materials
c_dd7872d5c1d5,s_interior-finishings-and-home-living
c_b8d74ae9f392,s_interior-finishings-and-home-living
c_eafab7387165,s_interior-finishings-and-home-living
c_65bc688c04ac,s_building-materials
c_1928e64d60df,s_interior-finishings-and-home-living
c_d0c2b369a261,s_interior-finishings-and-home-living
c_e81743d5bb5c,s_interior-finishings-and-home-living
c_fee6a2d4093b,s_building-materials
c_9ae212cf91cc,s_business-management-and-professional-services
c_88195ec31de9,s_outdoor-living-leisure-and-modular-structures
c_43ed5f50b4b6,s_outdoor-living-leisure-and-modular-structures
c_e13a8a498867,s_outdoor-living-leisure-and-modular-structures
c_e4bb5fc8ff7b,s_building-materials
c_9ebc0feedd6f,s_building-materials
c_4d92802d531a,s_construction-tools-systems-equipment-and-safety
c_6c921b11d562,s_building-materials
c_30f63653d0b4,s_business-management-and-professional-services
c_8b1534c996c0,s_business-management-and-professional-services
c_96431be68474,s_building-materials
c_7af4e7486336,s_construction-tools-systems-equipment-and-safety
c_1648cebf873d,s_construction-tools-systems-equipment-and-safety
c_b4def16f6a79,s_interior-finishings-and-home-living
c_c13cf7dc8643,s_building-materials
c_2a12c81db7d0,s_global-products
c_2e22059a03e6,s_building-materials
c_0032794705a8,s_interior-finishings-and-home-living
c_b24012609cab,s_building-materials
c_5c24dbaf91a7,s_global-products
c_7324bf9e9955,s_building-materials
c_4d9d97bc416c,s_building-materials
c_0451a0172835,s_interior-finishings-and-home-living
c_f643a4444931,s_construction-tools-systems-equipment-and-safety
c_b3beb64a7f69,s_global-products
c_458f554806bf,s_building-materials
c_3482f292d57c,s_building-materials
c_fe75d8478a3c,s_outdoor-living-leisure-and-modular-structures
c_96e602098a42,s_building-materials
c_d969402ebc1a,s_global-products
c_ec572bac77e9,s_building-materials
c_5269f3bcdf8e,s_building-materials
c_03e12672ed1d,s_building-materials
c_114c2231fcbf,s_building-materials
c_53bff115778a,s_building-materials
c_b45edc8508e4,s_building-materials
c_5b60b6335dfd,s_business-management-and-professional-services
c_784af8a3ed47,s_building-materials
c_2296cbdb22b6,s_building-materials
c_63c50b69d67f,s_construction-tools-systems-equipment-and-safety
c_8e19a1c58dbf,s_interior-finishings-and-home-living
c_4c7f61478c2d,s_building-materials
c_7940a8093fcc,s_building-materials
c_3a810704a801,s_global-products
c_8f1d48d06ee5,s_global-products
c_afe703f16e96,s_building-materials
c_b87ed43a8e26,s_interior-finishings-and-home-living
c_8b9109c1ddf7,s_interior-finishings-and-home-living
c_48d089998d8c,s_building-materials
c_38dec075d8df,s_building-materials
c_3503974cfa3b,s_global-products
c_039570045143,s_building-materials
c_b47f323838ef,s_interior-finishings-and-home-living
c_f03a3da580cb,s_outdoor-living-leisure-and-modular-structures
c_603e13a48176,s_global-products
c_3c318d7d68f3,s_building-materials
c_ad5698701847,s_building-materials
c_0b844f80146f,s_global-products
c_28b10d336897,s_global-products
c_75cccf52518e,s_global-products
c_55fadc60901d,s_interior-finishings-and-home-living
c_715d56392ae3,s_construction-tools-systems-equipment-and-safety
c_ea1a560dc70f,s_business-management-and-professional-services
c_2662251c3a3e,s_building-materials
c_68dad4e3b89e,s_building-materials
c_54759deda7bb,s_business-management-and-professional-services
c_ba60f547c5f6,s_interior-finishings-and-home-living
c_ad3b6b022ab9,s_building-materials
c_37fe0e3d5bad,s_building-materials
