company_id,location_id
c_eb22e20c195b,l_berlin-maryland-usa
c_5e0c241f9d9e,l_memphis-tennessee-usa
c_9c573f8700a3,l_pengilly-minnesota-usa
c_cc06c46d3eb1,l_san-francisco-california-usa
c_1348ef557138,l_davidson-north-carolina-usa
c_51296ec6cd00,l_burlington-ontario-canada
c_2f2d3e1f64ef,l_eighty-four-pennsylvania-usa
c_ee4f8aac46fc,l_oak-ridge-north-carolina-usa
c_3e809d337887,l_ashland-city-tennessee-usa
c_393ae66de612,l_toronto-ontario-canada
c_f30b3786008c,l_cary-north-carolina-usa
c_59b36cc4f136,l_beloit-wisconsin-usa
c_9238757a38f8,l_kingsport-tennessee-usa
c_2cdb151d8438,l_asan-si-chungcheongnam-do-korea
c_3dce52630441,l_fremont-california-usa
c_0f7e535879fd,l_vandalia-ohio-usa
c_3c05444c8f64,l_tampa-florida-usa
c_05361b5576ca,l_s-o-jos-do-rio-preto-s-o-paulo-brazil
c_7b3d5d5a8d5b,l_neenah-wisconsin-usa
c_ac0e0b78b935,l_fayetteville-arkansas-usa
c_d5b0e6b7fb78,l_provo-utah-usa
c_1ce7eae261db,l_martinsville-virginia-usa
c_76d080afbf2a,l_big-lake-minnesota-usa
c_e91db6433427,l_bellevue-washington-state-usa
c_feb1b3bd816d,l_irvine-california-usa
c_00cef394e044,l_new-york-new-york-usa
c_d37bd4f282b7,l_somerville-massachusetts-usa
c_4e60aea8bc5f,l_earth-city-missouri-usa
c_8812b6020613,l_sanford-maine-usa
c_ba9085bb36db,l_palmetto-florida-usa
c_828677858544,l_knoxville-tennessee-usa
c_c93e45a46bd6,l_miamisburg-ohio-usa
c_33186f299e6b,l_orlando-florida-usa
c_18546f1c64dd,l_portland-oregon-usa
c_97f5f902812e,l_libreville-estuaire-gabon
c_5f766def78dc,l_lake-worth-beach-florida-usa
c_d8f12e9c1ffb,l_bainbridge-island-washington-state-usa
c_8080cac04660,l_jupiter-florida-usa
c_4839c5ffb4ca,l_marshfield-massachusetts-usa
c_5b1f3741b12f,l_surrey-british-columbia-canada
c_0830eb1dd950,l_armada-michigan-usa
c_c3db54e3ed7e,l_istanbul-istanbul-turkey
c_b87085b8fe19,l_istanbul-istanbul-turkey
c_9bd4b0eba433,l_moorestown-new-jersey-usa
c_15a5c4602042,l_istanbul-istanbul-turkey
c_4dde71320465,l_lancaster-pennsylvania-usa
c_7b8e69892806,l_brooklyn-new-york-usa
c_987e730460ea,l_zhongshan-guangdong-china
c_90caf0eb2fb5,l_dover-delaware-usa
c_575f8361e575,l_charlotte-north-carolina-usa
c_e00e480294ee,l_shenzhen-guangdong-china
c_f60cf73add98,l_brentwood-tennessee-usa
c_9176d6ef642e,l_rochester-new-york-usa
c_33e581034211,l_golf-florida-usa
c_ae5b98ecc424,l_riyadh-al-riyadh-saudi-arabia
c_c0fa577307aa,l_holland-michigan-usa
c_b44beb62a329,l_grand-prairie-texas-usa
c_cfde335b2f56,l_miami-florida-usa
c_84aa540796a7,l_kayseri-kayseri-turkey
c_038982b90145,l_istanbul-istanbul-turkey
c_5e4c37880326,l_heyuan-guangdong-china
c_f0d70792857f,l_st-andre-d-argenteuil-canada
c_39101b238a83,l_winston-salem-north-carolina-usa
c_a76bbddd102d,l_shoreview-minnesota-usa
c_7b24fff9c308,l_baraboo-wisconsin-usa
c_890638c4d072,l_xian-shaanxi-china
c_d5846a9f313c,l_san-leandro-california-usa
c_3eddc8e5d98a,l_orlando-florida-usa
c_c0a49b4e9384,l_grant-michigan-usa
c_5ed32c626f55,l_des-moines-iowa-usa
c_541cb92cea3b,l_la-porte-indiana-usa
c_ffc03a1adce6,l_miami-florida-usa
c_2e444757d991,l_jackson-michigan-usa
c_9c9a60b32ae0,l_norcross-georgia-usa
c_34defa479ae5,l_san-leandro-california-usa
c_b48d6372a714,l_nashville-tennessee-usa
c_7892a45607cb,l_vaughan-ontario-canada
c_f7970f5d6a09,l_denver-colorado-usa
c_db3649c9d111,l_chuzhou-anhui-china
c_c81ea5e97b97,l_hefei-anhui-china
c_4d1572324610,l_huainan-anhui-china
c_af1525370e09,l_howard-pennsylvania-usa
c_32adfdae6116,l_romulus-michigan-usa
c_35450834ca97,l_the-woodlands-texas-usa
c_e24b1a10461a,l_asheville-north-carolina-usa
c_9e6f6d7c0628,l_kiel-wisconsin-usa
c_c7e751bfce8e,l_port-townsend-washington-state-usa
c_8e4f26467856,l_tucson-arizona-usa
c_ed5529483c79,l_brooklyn-new-york-usa
c_55351eb97505,l_alpharetta-georgia-usa
c_acf432865ac2,l_nashua-new-hampshire-usa
c_ca55c8568982,l_providence-rhode-island-usa
c_8ea4a2606738,l_tempe-arizona-usa
c_f236711970a5,l_bellevue-washington-state-usa
c_4940c22ec53f,l_santa-ana-california-usa
c_c15a691a5fbc,l_nan-turkey
c_cda72ced5164,l_st-johns-florida-usa
c_78a314199d1b,l_kamloops-british-columbia-canada
c_03eae29d0b23,l_los-angeles-california-usa
c_5fa258d418e7,l_north-miami-beach-florida-usa
c_ab857d397a3e,l_stuart-florida-usa
c_d2ef351252fb,l_adairsville-georgia-usa
c_c7d557c84987,l_chanzhou-jiangsu-china
c_2a0f81d9a533,l_port-klang-selangor-malaysia
c_e84d629c1db5,l_plano-texas-usa
c_510171c67736,l_istanbul-istanbul-turkey
c_bacebadbef42,l_chatsworth-california-usa
c_4dc074f27306,l_penang-pulau-pinang-malaysia
c_c1c82d0bb0fd,l_spring-texas-usa
c_f217a7309ca9,l_georgetown-united-states-of-america-usa
c_359c57250ba1,l_covington-georgia-usa
c_5cde420aac67,l_fredericton-new-brunswick-canada
c_4ce0534f1ab9,l_plymouth-massachusetts-usa
c_8f225906e25b,l_atlanta-georgia-usa
c_1ab2ad5f8c43,l_cleveland-ohio-usa
c_bf1ce3ff18a8,l_hangzhou-zhejiang-china
c_54aad87c0f25,l_covina-california-usa
c_2c1d33b37c6e,l_nan-united-kingdom
c_61d4cbcf0a65,l_vista-california-usa
c_8d0f76e14f68,l_painesville-ohio-usa
c_06f8338a383d,l_avon-lake-ohio-usa
c_0eb82d8be44d,l_delray-beach-florida-usa
c_3ce554c5fc79,l_calgary-alberta-canada
c_d47571191eec,l_wilmington-delaware-usa
c_7fb070c050fb,l_hialeah-florida-usa
c_ec7e750bbbb8,l_pittsburg-kansas-usa
c_0fb43e580443,l_bristol-rhode-island-usa
c_c60b242d7221,l_bristol-rhode-island-usa
c_cee61afb4c01,l_canfield-ohio-usa
c_f7556a3a5397,l_nan-india
c_54aab7ba34b1,l_mckinney-texas-usa
c_57f064a79f03,l_draper-utah-usa
c_da28c32a60d8,l_santa-clarita-california-usa
c_545b4e6cff3e,l_linden-new-jersey-usa
c_72ce3e193f82,l_canton-north-carolina-usa
c_5152bc06ba52,l_vine-grove-kentucky-usa
c_878a09c78386,l_zhongshan-guangdong-china
c_f1facd5328ce,l_albemarle-north-carolina-usa
c_7b2fad1e3734,l_scottsdale-arizona-usa
c_a0ff9ef2fc23,l_new-york-new-york-usa
c_267ae7ceb0f7,l_munich-bayern-germany
c_147a00cfedeb,l_scottsdale-arizona-usa
c_7d6fb722bcce,l_langley-british-columbia-canada
c_9b33613351e4,l_diamond-bar-california-usa
c_21ba70bbf21d,l_san-francisco-california-usa
c_f4c7ff5207cf,l_apex-north-carolina-usa
c_a0af78c9dfc5,l_tianjin-tianjin-china
c_fa51530a32a2,l_nan-china
c_e4a4cccfede3,l_beijing-beijing-china
c_124ce58b36af,l_nan-china
c_4a531ebc7b2f,l_beijing-beijing-china
c_b2d2d71eeec3,l_nan-china
c_f4d8fd920ebe,l_istanbul-istanbul-turkey
c_b284d59a48b3,l_jacksonville-florida-usa
c_2a89727d1d61,l_richfield-minnesota-usa
c_4e85476d2024,l_boise-idaho-usa
c_7ac09ef78b57,l_istanbul-istanbul-turkey
c_6ac3e51aa86b,l_southlake-texas-usa
c_ab778efae5e8,l_new-orleans-louisiana-usa
c_d79ee1be616d,l_brooklyn-new-york-usa
c_99a9525a79bd,l_lexington-kentucky-usa
c_b428df98f9d7,l_billings-montana-usa
c_cc2379187555,l_new-haven-connecticut-usa
c_40940930dcab,l_san-jose-california-usa
c_f0ddf9a4abb5,l_lenexa-kansas-usa
c_fbc749e049d5,l_frisco-texas-usa
c_029354146399,l_college-point-new-york-usa
c_44983d5dd892,l_washington-missouri-usa
c_f5da2a06183e,l_denver-colorado-usa
c_ca7ddb044f50,l_plymouth-massachusetts-usa
c_b510e226f739,l_gainesville-georgia-usa
c_09633ee30b90,l_sarasota-florida-usa
c_f22325710992,l_walla-walla-washington-state-usa
c_bd6632dbce44,l_mississauga-ontario-canada
c_c6798f8581fb,l_cartersville-georgia-usa
c_c03b986bb10e,l_north-vancouver-british-columbia-canada
c_36c8ae4c0ee9,l_danville-virginia-usa
c_b826aada5e41,l_toronto-ontario-canada
c_490d18aed48a,l_mclean-virginia-usa
c_4afa6c5979f0,l_orlando-florida-usa
c_8b96197e7e21,l_doral-florida-usa
c_ddad5430abee,l_boise-idaho-usa
c_94ae919c10ac,l_ogden-utah-usa
c_c7dbead0bfab,l_tustin-california-usa
c_9eed78ed2c99,l_englewood-colorado-usa
c_4ad42750dc2d,l_santa-fe-springs-california-usa
c_abf66e0be5aa,l_ontario-california-usa
c_b08bfc10e264,l_orlando-florida-usa
c_02e115d9f5c2,l_irvine-california-usa
c_0fffad5edb3a,l_anniston-alabama-usa
c_884700f9f1b6,l_nan-turkey
c_04b9d9a3c59a,l_irvine-california-usa
c_4099731ef3e7,l_taizhou-zhejiang-china
c_f0709cfb6de7,l_wauwatosa-wisconsin-usa
c_78dd27115e8c,l_botou-hebei-china
c_053fba37245e,l_kokomo-indiana-usa
c_b3a18871d945,l_buderim-queensland-australia
c_ea4a25c830fc,l_tulsa-oklahoma-usa
c_fb3593a3c2d4,l_mckinney-texas-usa
c_3a95465ea3c1,l_washington-iowa-usa
c_17a22bda4bee,l_miami-florida-usa
c_2905c173ab22,l_new-york-new-york-usa
c_269545e2bffb,l_irvine-california-usa
c_4507bd35b6dd,l_denver-colorado-usa
c_79c2d3e4369c,l_hackettstown-new-jersey-usa
c_be92a36d5420,l_lesmo-monza-e-della-brianza-italy
c_1d6d3fed7f1a,l_miami-florida-usa
c_1f6950a4c62d,l_edmington-alberta-canada
c_5b1941979ffd,l_oklahoma-city-oklahoma-usa
c_f195c2a75f16,l_vancouver-british-columbia-canada
c_74a058b8add7,l_little-rock-arkansas-usa
c_4e3eac049a3c,l_sioux-falls-south-dakota-usa
c_0f5ef587cba0,l_boston-massachusetts-usa
c_1740b0ef7fe6,l_littleton-colorado-usa
c_5c3895e06884,l_denver-colorado-usa
c_061792398f0d,l_raleigh-north-carolina-usa
c_440d42a4845e,l_jacksonville-florida-usa
c_093924dc9838,l_durham-north-carolina-usa
c_47587afdafce,l_puyallup-washington-state-usa
c_046eabf77c6b,l_franklin-lakes-new-jersey-usa
c_9390d99e1a7b,l_irving-texas-usa
c_b6b3151c7d61,l_raleigh-north-carolina-usa
c_f281e66df156,l_louisville-kentucky-usa
c_80103f3f670e,l_nan-australia
c_b5b5f8572ca8,l_omaha-nebraska-usa
c_cbd513e76f0e,l_miami-florida-usa
c_6391258a397d,l_vine-grove-kentucky-usa
c_fce5dca9509e,l_reston-virginia-usa
c_0761a5e4c8d6,l_houston-texas-usa
c_ca7e9c82ca2d,l_eagle-farm-queensland-australia
c_261d93b85eb9,l_austin-texas-usa
c_9d7935827231,l_suzhou-jiangsu-china
c_bd0db24154fd,l_fairview-texas-usa
c_67dcad585a1e,l_dania-beach-florida-usa
c_362c51789021,l_st-george-utah-usa
c_7d26b0d7698e,l_brookfield-connecticut-usa
c_2171635cf976,l_houston-texas-usa
c_9a1c5b98733b,l_dongguan-guangdong-china
c_413ebbaf7c89,l_arthur-illinois-usa
c_b8c126d7d39e,l_hayward-california-usa
c_920e0c079f72,l_commerce-california-usa
c_4b8a8a95f573,l_lorton-virginia-usa
c_181b3b4cba68,l_wilmington-massachusetts-usa
c_a391f582ae15,l_encinitas-california-usa
c_b736347c0cb7,l_sihanouk-krong-preah-sihanouk-cambodia
c_3620f78600d0,l_cambridge-ontario-canada
c_543f38c58d04,l_grand-rapids-michigan-usa
c_7e45627c5ba7,l_belleville-ontario-canada
c_1a08d001ce4b,l_golden-british-columbia-canada
c_232fba7fa6be,l_ogdensburg-new-york-usa
c_5d1cc00e7307,l_bakersfield-california-usa
c_cf41b1d1ff61,l_lilburn-georgia-usa
c_a33a3dc431b8,l_charlotte-north-carolina-usa
c_d3e08d74d72f,l_hai-an-nantong-city-jiangsu-china
c_c5157d05aa47,l_bonners-ferry-idaho-usa
c_b052795e530e,l_elk-grove-village-illinois-usa
c_584c98524faf,l_indianapolis-indiana-usa
c_6689c4ec7de6,l_new-york-new-york-usa
c_f16975d8f1ea,l_oshkosh-wisconsin-usa
c_9424f9903e1c,l_fort-worth-texas-usa
c_6600c17e94f2,l_ocala-florida-usa
c_07050e91b393,l_plant-city-florida-usa
c_5338a3190b84,l_carson-california-usa
c_57a2ed0aeff0,l_shenzhen-guangdong-china
c_40da1cbbaed7,l_nan-china
c_e4a1d6003fca,l_clearwater-florida-usa
c_36282e8b187b,l_garden-grove-california-usa
c_a3d1c7014221,l_petaluma-california-usa
c_67409830783e,l_springdale-arkansas-usa
c_a45dd377e1b9,l_malvern-pennsylvania-usa
c_5332a6eb1a2f,l_aventura-florida-usa
c_08df37fccff2,l_burlington-ontario-canada
c_2baba7df3456,l_edmonton-alberta-canada
c_5f232c44178c,l_troy-michigan-usa
c_267e3fdc92c9,l_changzhou-jiangsu-china
c_91b0f9d5f39b,l_changzhou-jiangsu-china
c_80575367dd03,l_nan-china
c_585ee19ac86b,l_boston-massachusetts-usa
c_f9ed3ffa2e15,l_chaozhou-guangdong-china
c_6a210f611bd3,l_new-york-new-york-usa
c_e38ffd4889bf,l_foshan-guangdong-china
c_ce5ebba62783,l_coeur-d-alene-idaho-usa
c_e4d9a0576c2a,l_nan-china
c_8bb40cc45d87,l_beijing-beijing-china
c_2ef9791f2fb3,l_kissimmee-florida-usa
c_698b6c1c25b1,l_chongqing-chongqing-china
c_b9f8cebc1456,l_chongqing-chongqing-china
c_11ae8383cdee,l_newark-delaware-usa
c_96075850047d,l_zwonowice-slaskie-poland
c_4feb7ada765a,l_cedar-minnesota-usa
c_d38fcb3ca205,l_liberty-hill-texas-usa
c_136f7e760760,l_west-chester-ohio-usa
c_d81c6ea4d8e1,l_lakeville-minnesota-usa
c_995f1645e782,l_lakeland-minnesota-usa
c_0b04a8ca8a95,l_kalamazoo-michigan-usa
c_e63c741d8256,l_mason-ohio-usa
c_0695aa2723ea,l_orlando-florida-usa
c_46cd169e3e1b,l_boston-massachusetts-usa
c_606c271ba8ee,l_new-york-new-york-usa
c_f6df34082ed4,l_charleston-south-carolina-usa
c_5a045796e072,l_delray-beach-florida-usa
c_fdf30b16397a,l_delray-beach-florida-usa
c_203f29ddfc3e,l_morton-grove-illinois-usa
c_099876c3fc24,l_pleasant-grove-utah-usa
c_9a521f1f0e2c,l_medellin-antioquia-colombia
c_b2ae63c714f6,l_taizhou-zhejiang-china
c_cde8bb28efe8,l_nan-ireland
c_4f36f9faa945,l_garcia-nuevo-le-n-mexico
c_0933a3717434,l_lake-worth-beach-florida-usa
c_eee4a08dee9a,l_lincoln-nebraska-usa
c_06c1c9ca3645,l_boston-massachusetts-usa
c_d5c7142f8b7b,l_concord-ontario-canada
c_b0e752886df4,l_markham-ontario-canada
c_b30aa4d9de2b,l_new-york-new-york-usa
c_8400e9eea860,l_phoenix-arizona-usa
c_49e0465a0e35,l_auburn-alabama-usa
c_759df8982248,l_bradenton-florida-usa
c_97390499bef9,l_winchester-virginia-usa
c_a05228ca9697,l_san-diego-california-usa
c_fbcf94a7a6f3,l_hamden-connecticut-usa
c_0b9424db4eec,l_edina-minnesota-usa
c_1b5588d76eb1,l_san-francisco-california-usa
c_c3f73898fe03,l_st-louis-missouri-usa
c_3604f68ac44f,l_romulus-michigan-usa
c_21c34168b37e,l_pomona-california-usa
c_7ff9488eb54c,l_brentwood-tennessee-usa
c_0f22e25edcf2,l_nan-czech-republic
c_51cd5040cb15,l_naperville-illinois-usa
c_3d915ab01565,l_weaverville-north-carolina-usa
c_d545ba82c1fc,l_carrolton-texas-usa
c_52ddef8ae584,l_canton-massachusetts-usa
c_80f80160d27f,l_regina-saskatchewan-canada
c_17a43ae89a5d,l_calhoun-georgia-usa
c_74c9516f5ea0,l_salt-lake-city-utah-usa
c_9fe2a5617721,l_eau-claire-united-states-of-america-usa
c_0b34bd8aea1a,l_millersville-maryland-usa
c_f30d22318978,l_cerritos-california-usa
c_a553b469f416,l_istanbul-istanbul-turkey
c_23e4d1789fc4,l_savannah-georgia-usa
c_731b782f7eb4,l_rancho-cordova-california-usa
c_01c410590362,l_tacoma-washington-state-usa
c_0a9a204216b8,l_olean-new-york-usa
c_3a5fcdbdc316,l_olean-new-york-usa
c_fc03b1170c53,l_gardena-california-usa
c_9d587e027950,l_north-vancouver-british-columbia-canada
c_4c9a8e7cd6bf,l_dalian-liaoning-china
c_f8a1a9068879,l_portland-oregon-usa
c_4e6b38db16d2,l_wallingford-connecticut-usa
c_4873fa791410,l_atlanta-georgia-usa
c_03982fda917a,l_seattle-washington-state-usa
c_9529524e9b4a,l_ningbo-zhejiang-china
c_2851ba62fea3,l_grand-rapids-michigan-usa
c_e47fe6aa89b6,l_clearwater-florida-usa
c_72e2decdf869,l_nan-turkey
c_3fd0a6a743d5,l_margate-florida-usa
c_deb1f1766bbb,l_murrieta-california-usa
c_2ac53e8cccf9,l_rathnew-wicklow-ireland
c_ae6f20fd5e4b,l_sugar-hill-georgia-usa
c_d71ae29c04af,l_round-rock-texas-usa
c_519f1d0e8d97,l_fort-macleod-alberta-canada
c_936af492a31f,l_nan-thailand
c_ec10fd8bbb49,l_fremont-california-usa
c_c1f696d5aabe,l_boulder-colorado-usa
c_a7692ea3f38b,l_crystal-minnesota-usa
c_ba5dfd87b45d,l_lakeway-texas-usa
c_ade968be158b,l_meridian-idaho-usa
c_25b045a70716,l_schofield-wisconsin-usa
c_4a6b9138fbe3,l_charlottesville-virginia-usa
c_cb549016cdf0,l_bremen-indiana-usa
c_30eb99a07d0e,l_vancouver-washington-state-usa
c_0369f92ce472,l_orlando-florida-usa
c_93f63b259d40,l_cambridge-ontario-canada
c_d66809a6ed52,l_davie-florida-usa
c_b15ff3b998b4,l_omaha-nebraska-usa
c_1b9590a5d86d,l_brampton-ontario-canada
c_6b7bd1c2e1f4,l_palo-alto-california-usa
c_89ce1002ff98,l_everett-washington-state-usa
c_fe0a7ac1d17d,l_baltimore-maryland-usa
c_0f521f092e77,l_nan-china
c_8b90c88328a7,l_dongguan-guangdong-china
c_628a84e7f0e9,l_dongguan-guangdong-china
c_674310d5f016,l_dongying-shandong-china
c_b7807a36f6ee,l_davus-california-usa
c_8d29fcae0943,l_inglewood-california-usa
c_d4c252d94913,l_tulsa-oklahoma-usa
c_9361ba121d30,l_shenzhen-guangdong-china
c_8fbd408438b0,l_san-francisco-california-usa
c_0bdb9e70fbef,l_suzhou-jiangsu-china
c_8e7b0c3246fb,l_louisville-kentucky-usa
c_7d47b8a637cd,l_williamsburg-virginia-usa
c_35e133509482,l_nan-united-states-of-america-usa
c_75b63e6bf64f,l_raleigh-north-carolina-usa
c_a19fc7e74660,l_lake-mary-florida-usa
c_dea3ad9f7cfe,l_south-el-monte-california-usa
c_3f750eca139a,l_surrey-british-columbia-canada
c_f6821b030f90,l_fort-pierce-florida-usa
c_93a42da0b8e0,l_montreal-canada
c_24b43929f78b,l_de-pere-wisconsin-usa
c_fec4cd051e31,l_loretto-minnesota-usa
c_7ff4efa151dd,l_plano-texas-usa
c_dfaf90022932,l_pico-rivera-california-usa
c_4d03b66ca45c,l_peachtree-city-georgia-usa
c_c862e5d52677,l_naples-florida-usa
c_8008297878de,l_cupertino-california-usa
c_387df87b4a59,l_nan-united-states-of-america-usa
c_b3482c4bda37,l_nan-united-states-of-america-usa
c_2205dff17c07,l_nan-united-states-of-america-usa
c_3dce9a5a3875,l_nan-united-states-of-america-usa
c_f91790f10a43,l_nan-united-states-of-america-usa
c_fb62e5031ce6,l_nan-united-states-of-america-usa
c_62cc606e7404,l_nan-united-states-of-america-usa
c_bc59ca2c63d5,l_westlake-texas-usa
c_34854223305c,l_rowland-heights-california-usa
c_af9fe89afbab,l_middletown-new-york-usa
c_4e134b50ff9b,l_ocala-florida-usa
c_519810674697,l_holland-new-york-usa
c_b79e875ea998,l_hopkins-minnesota-usa
c_940a5f69c9bf,l_eden-wisconsin-usa
c_239bac7a19a8,l_grand-rapids-michigan-usa
c_9674f1f8531d,l_toledo-ohio-usa
c_0a0cd82e3e05,l_austin-texas-usa
c_7d4f6b3b5379,l_brantford-ontario-canada
c_2be2fc7bb6f4,l_smyrna-georgia-usa
c_5a30016aa669,l_cape-coral-florida-usa
c_ec6cd2690f0a,l_toronto-ontario-canada
c_467875caf437,l_palm-city-florida-usa
c_201296286c28,l_woodbridge-canada
c_f567c791ea9a,l_st-petersburg-florida-usa
c_7d31e742b5e1,l_city-of-industry-california-usa
c_246e81584728,l_davenport-florida-usa
c_e1fcac845958,l_daveluyville-canada
c_c6454981de67,l_los-angeles-california-usa
c_001038d4244c,l_cincinnati-ohio-usa
c_0091e5308f72,l_lake-city-florida-usa
c_2c5aed6b86be,l_edmonton-alberta-canada
c_f30cf003d25e,l_santa-ana-california-usa
c_80f5afd6360f,l_greenville-illinois-usa
c_3ac02e7ce26c,l_perth-amboy-new-jersey-usa
c_fe5683bdd2d7,l_victoria-british-columbia-canada
c_af58f0a7ba66,l_niskayuna-new-york-usa
c_0fb6a5ff0059,l_dresden-ontario-canada
c_07aa963b31d0,l_mount-joy-pennsylvania-usa
c_a16d8de6d95f,l_nan-australia
c_e12be8280be9,l_concord-ontario-canada
c_1b870646842c,l_carson-california-usa
c_9ba28a8e47f7,l_los-alamitos-california-usa
c_7a0e6a3f191d,l_leola-pennsylvania-usa
c_4e3bf3c423a2,l_boca-raton-florida-usa
c_fd7f9a1b879b,l_lake-worth-beach-florida-usa
c_b675ad69ee76,l_miami-florida-usa
c_36e129759698,l_saint-paul-minnesota-usa
c_c88c6a4b367d,l_rockford-illinois-usa
c_b28533be2b76,l_shipshewana-indiana-usa
c_e3e920c56ffb,l_walnut-creek-california-usa
c_edcb6932be0c,l_walnut-creek-california-usa
c_2b1bdb0ae5da,l_pacoima-california-usa
c_11b941e83c91,l_orlando-florida-usa
c_844c207c5f42,l_north-miami-beach-florida-usa
c_68dc775a5040,l_north-port-florida-usa
c_7c72fca0fb97,l_richmond-hill-ontario-canada
c_e4e548e1b3a5,l_van-nuys-california-usa
c_fa95131a82d1,l_miami-florida-usa
c_acb16bfbd72f,l_calgary-alberta-canada
c_082db40f0532,l_plano-texas-usa
c_64696a6e0be1,l_winston-salem-north-carolina-usa
c_e03495a53f00,l_oakmont-pennsylvania-usa
c_558cdc33febf,l_winchester-virginia-usa
c_92add25af0f8,l_marina-del-ray-california-usa
c_094552ef92d2,l_nan-thailand
c_e9ecbf732563,l_yulee-florida-usa
c_723209c472aa,l_knoxville-tennessee-usa
c_8afeee97d61a,l_cornell-de-llobregat-barcelona-spain
c_d7eaa1deae0a,l_manitowoc-wisconsin-usa
c_836088072310,l_green-bay-wisconsin-usa
c_b9c6a1a60fe9,l_comstock-park-michigan-usa
c_6dc69ee2f2cc,l_sterling-virginia-usa
c_f491b62eb9d9,l_addison-illinois-usa
c_3588ad538f82,l_dania-florida-usa
c_1263724f5175,l_taizhou-zhejiang-china
c_53e1f13d75e8,l_bouctouche-new-brunswick-canada
c_64cff229b862,l_agawam-massachusetts-usa
c_be00a7767fa6,l_chachoengsao-chachoengsao-thailand
c_c1cb97eb1ebd,l_oakland-california-usa
c_9ccca2529248,l_willis-texas-usa
c_d3ec3a817a88,l_new-castle-delaware-usa
c_49764e1c78ca,l_suzhou-jiangsu-china
c_366d9a9cc2c7,l_cranberry-twp-pennsylvania-usa
c_f0e979f28cbd,l_deerfield-illinois-usa
c_6e73b591ec62,l_nan-norway
c_c9e519d5a22a,l_atlanta-georgia-usa
c_3280a651b007,l_auburndale-florida-usa
c_92df7f19f365,l_san-francisco-california-usa
c_80bc5c63c534,l_new-york-new-york-usa
c_d889e3296735,l_irvine-california-usa
c_bbe136cdd065,l_west-bloomfield-township-michigan-usa
c_094089efcaca,l_mukilteo-washington-state-usa
c_5676818f871a,l_loomis-california-usa
c_be9a452a9bf3,l_scottsdale-arizona-usa
c_9f496078453c,l_toronto-ontario-canada
c_6c5e4b531062,l_miami-beach-florida-usa
c_63ad5e3a9599,l_hendersonville-north-carolina-usa
c_a33a07d2feb2,l_ricahrdson-texas-usa
c_eb826ba11f65,l_nan-new-zealand
c_09412ca149dd,l_nan-puerto-rico
c_f775730788b3,l_hicksville-new-york-usa
c_f93e567953d1,l_melbourne-florida-usa
c_2d870e00b6ee,l_atlanta-georgia-usa
c_ee87bdfb84f0,l_manhattan-kansas-usa
c_51e1985d5776,l_muhlhausen-bavaria-united-states-of-america-usa
c_255d7d4145a8,l_winter-garden-florida-usa
c_3f6d5beba5db,l_brecksville-ohio-usa
c_a1129c2023e3,l_oakland-california-usa
c_ca268988bfac,l_victoria-british-columbia-canada
c_e621dcd29c83,l_bridgeport-connecticut-usa
c_5e1ad8248854,l_kelowna-british-columbia-canada
c_322b032344da,l_fond-du-lac-wisconsin-usa
c_50d986db312b,l_coral-springs-florida-usa
c_8aa1a8a42baf,l_dearborn-michigan-usa
c_0d7e41ad3404,l_louisville-ohio-usa
c_e0886e5428d5,l_columbus-ohio-usa
c_81d482da685e,l_panama-city-florida-usa
c_1f29d7aa928e,l_garland-texas-usa
c_691147b6916d,l_sheboygan-wisconsin-usa
c_a2f014bd747d,l_foshan-guangdong-china
c_7972d5ccc1ab,l_foshan-guangdong-china
c_68251150e1ff,l_foshan-guangdong-china
c_cad839853b78,l_foshan-guangdong-china
c_250d32dd7756,l_foshan-guangdong-china
c_f0de6249baf8,l_foshan-guangdong-china
c_8b40e937c9cb,l_foshan-guangdong-china
c_64dde96cf80d,l_foshan-guangdong-china
c_aadcca95e440,l_guangzhou-guangdong-china
c_f936d8d2551e,l_foshan-guangdong-china
c_fd467c38861c,l_foshan-guangdong-china
c_97047bd1f261,l_foshan-guangdong-china
c_5af62a6284ac,l_foshan-guangdong-china
c_5d81b69a9f1c,l_foshan-guangdong-china
c_fb4bffecf1e4,l_foshan-guangdong-china
c_996d58d355a9,l_santa-ana-california-usa
c_8cb99a45377c,l_holbrook-new-york-usa
c_6d7407fcbb11,l_omaha-nebraska-usa
c_14dbc0f6f89a,l_appleton-wisconsin-usa
c_8877351d4ac8,l_las-vegas-nevada-usa
c_34d47bdc5972,l_columbus-ohio-usa
c_92be73b45e86,l_bloomington-illinois-usa
c_7ec29f6d12c6,l_temecula-california-usa
c_8ae52596aa04,l_las-vegas-nevada-usa
c_8a1cde001bfb,l_new-york-new-york-usa
c_7d80a70a6c81,l_hampton-florida-usa
c_db2e52d1e4b7,l_auburn-washington-state-usa
c_906708084bfb,l_brunswick-maine-usa
c_fcacd8e1be20,l_zhangzhou-fujian-china
c_3cc545861e4f,l_nanan-fujian-china
c_35aefdd576b4,l_santa-fe-springs-california-usa
c_8be343f17bc9,l_carlsbad-california-usa
c_b21ff10fc40a,l_vancouver-washington-state-usa
c_0d4d660eeddf,l_ponte-vedra-florida-usa
c_4b70e6aedd73,l_brookline-massachusetts-usa
c_ce5bdc37463b,l_deerfield-illinois-usa
c_3865244bc971,l_saint-georges-canada
c_0865bf7fa41b,l_surrey-british-columbia-canada
c_3cdd2f3baec4,l_vaughan-ontario-canada
c_2c7752d2f30c,l_portland-tennessee-usa
c_6ff111f9b3f7,l_kabinburi-prachin-buri-thailand
c_5b3c87f51523,l_abbotsford-british-columbia-canada
c_8348af944e17,l_tweed-ontario-canada
c_4f24adac4ca6,l_louisville-kentucky-usa
c_3b8a4366c9cf,l_louisville-kentucky-usa
c_9f19a69cdbd0,l_heath-ohio-usa
c_b5e4dd5fd600,l_east-troy-wisconsin-usa
c_5149a749384f,l_shawnee-oklahoma-usa
c_dc3d76c73ddb,l_johnson-city-tennessee-usa
c_ec283005e00e,l_goshen-indiana-usa
c_8a29b2e3ed60,l_maitland-florida-usa
c_56c6f14fafa8,l_tampa-florida-usa
c_796bc9f7db0e,l_los-angeles-california-usa
c_e36c36aa2767,l_nan-united-states-of-america-usa
c_8cf39ce92824,l_zeeland-michigan-usa
c_f1437bda7bae,l_winnipeg-manitoba-canada
c_eb45299cc54e,l_mount-pleasant-south-carolina-usa
c_3526e812eb38,l_port-coquitlam-british-columbia-canada
c_09cd51217cdf,l_valley-alabama-usa
c_fd2fa4645f74,l_kankakee-illinois-usa
c_f4ac2d2e358f,l_seoul-seoul-korea
c_36fb220a1751,l_meridian-idaho-usa
c_d192eef7021f,l_seattle-washington-state-usa
c_ab69dd71c5e7,l_warren-michigan-usa
c_8435108a8293,l_monroe-north-carolina-usa
c_fa000c24e755,l_nan-france
c_7704409d46a1,l_addison-texas-usa
c_0db179f05c63,l_nan-nigeria
c_f6d46f64b52e,l_cedar-city-utah-usa
c_8dad4e235d6a,l_tucker-georgia-usa
c_7caf0cfc0a36,l_las-vegas-nevada-usa
c_13c623cf1199,l_norcross-georgia-usa
c_a3568de98ebd,l_ontario-california-usa
c_4f8778edc3b2,l_diamond-bar-california-usa
c_290d70d9667c,l_guangzhou-guangdong-china
c_147b7333e724,l_sanford-florida-usa
c_d998f0716b1b,l_marietta-georgia-usa
c_e94f10e7ecb0,l_ganzhou-jiangxi-china
c_21c93b43cab4,l_atlanta-georgia-usa
c_fd9c40c0a5b9,l_poultney-vermont-usa
c_2454f301f937,l_corato-bari-italy
c_049cd6ec05ae,l_prey-nob-district-krong-preah-sihanouk-cambodia
c_3c19e754147b,l_terrace-doral-florida-usa
c_2d1b12c52c2f,l_charlotte-north-carolina-usa
c_532fc7dff667,l_guangzhou-guangdong-china
c_7cdf0deef25c,l_dongguan-guangdong-china
c_b548e56f1765,l_foshan-guangdong-china
c_fa34af550660,l_foshan-guangdong-china
c_46429637a476,l_chaouzhou-guangdong-china
c_93c872d663d5,l_chaozhou-guangdong-china
c_bd145167a9a7,l_foshan-guangdong-china
c_6b0e8faaa302,l_chaozhou-guangdong-china
c_66ab06400c6e,l_foshan-city-guangdong-china
c_e74fb51baf4f,l_hezhou-guangxi-china
c_d18fc94e571f,l_guangyuan-sichuan-china
c_f61bb75f08f8,l_guangzhou-guangdong-china
c_6866dc472fd0,l_guangzhou-guangdong-china
c_0eb879957f07,l_guangzhou-guangdong-china
c_1ffb92f1d2d9,l_guangzhou-guangdong-china
c_c6d3a131a416,l_guangzhou-guangdong-china
c_2bc978efdd0f,l_tuzia-istanbul-istanbul-turkey
c_32765a6ea9ca,l_xuancheng-anhui-china
c_caa2e546ec14,l_winter-park-florida-usa
c_96dcd4a624f1,l_wauseon-ohio-usa
c_aa0e12291cfd,l_atlanta-georgia-usa
c_4a81a7ee52e1,l_nan-korea
c_40a58f8af465,l_haining-zhejiang-china
c_939fc9921996,l_haining-zhejiang-china
c_9695346c1703,l_jiaxing-zhejiang-china
c_7f0d72c1be87,l_haining-zhejiang-china
c_6d2fd8c8974f,l_jersey-city-shanghai-china
c_35b27ea28856,l_peachtree-city-georgia-usa
c_cff7a14b60b7,l_sarasota-florida-usa
c_dcb340f31464,l_elk-grove-village-illinois-usa
c_d306db5181a9,l_austin-texas-usa
c_61144423c458,l_cheshire-connecticut-usa
c_2a33f193f039,l_hangzhou-zhejiang-china
c_195b63b75599,l_hangzhou-zhejiang-china
c_dbaa18c7eab3,l_hangzhou-zhejiang-china
c_ad400fff1d25,l_houston-texas-usa
c_ca4c1004f619,l_abingdon-virginia-usa
c_dff40323e14c,l_xiamen-fujian-china
c_d7c301dbf5bd,l_santa-monica-california-usa
c_2d29a7fc4b3d,l_xian-shaanxi-china
c_30f488b49ffe,l_pompano-florida-usa
c_a83be50aa9a8,l_lawrenceville-georgia-usa
c_bd6ef5b3536f,l_vaughn-ontario-canada
c_231e9da8145c,l_destin-florida-usa
c_99e45b500896,l_lakeville-minnesota-usa
c_f3cfdca18ddd,l_newport-tennessee-usa
c_eee3c68cf500,l_shijiazhuang-hebei-china
c_c1e52ebe3fc1,l_shijiazhuang-hebei-china
c_6d40b3f3da55,l_shijiazhuang-hebei-china
c_d96829c5480a,l_langfang-hebei-china
c_bb6d01d478c6,l_nan-thailand
c_6696269660ab,l_murray-kentucky-usa
c_b0a5c5185b41,l_hebi-hunan-china
c_17b5acb820ea,l_las-vegas-nevada-usa
c_2f81f1e44fef,l_miami-florida-usa
c_ff653af11035,l_richmond-california-usa
c_271c34f496fa,l_reisterstown-maryland-usa
c_518861d9c663,l_jacksonville-florida-usa
c_f5b3639f2570,l_sahud-ulan-tanza-cavite-philippines
c_b574007ed057,l_ventura-california-usa
c_3198bd8b519b,l_durham-north-carolina-usa
c_4964e0653b0c,l_christiana-pennsylvania-usa
c_b35aadd9ebb0,l_wilston-queensland-australia
c_1ed676eb136e,l_forest-park-ohio-usa
c_1becc5117544,l_foshan-guangdong-china
c_d455115de172,l_west-trenton-new-jersey-usa
c_17f467f44a25,l_santa-claus-indiana-usa
c_d80a1ffd3680,l_bangkok-bangkok-thailand
c_2bdde21dbcb7,l_washington-district-of-columbia-usa
c_a7d43cfa2c34,l_atlanta-georgia-usa
c_4972123b2dda,l_upper-marlboro-maryland-usa
c_553b3c8e16af,l_chicago-illinois-usa
c_fc9436e17e20,l_chicago-illinois-usa
c_fc2d3c6da711,l_birmingham-alabama-usa
c_8dda6b4d2bf5,l_adairsville-georgia-usa
c_6be165cec917,l_lancaster-pennsylvania-usa
c_ab309874e5a3,l_arlington-virginia-usa
c_9bf549e2fac3,l_houston-texas-usa
c_6aa01f6856ba,l_nashville-tennessee-usa
c_4074dfcb69b3,l_scottsdale-arizona-usa
c_bf8cb3bfc26c,l_nan-china
c_77e898d60dc2,l_augusta-georgia-usa
c_156b56db6609,l_jamestown-new-york-usa
c_bb537040fbea,l_nan-china
c_4765cee483d7,l_sparta-tennessee-usa
c_eb65c158acc4,l_santa-monica-california-usa
c_0e7e208159b0,l_auckland-auckland-new-zealand
c_adf71e912844,l_louisville-ohio-usa
c_5fd1823a2485,l_miamisburg-ohio-usa
c_82b3779aa4c1,l_charlotte-north-carolina-usa
c_e885c460bcc3,l_chicago-illinois-usa
c_453ee0bea1bd,l_huizhou-guangdong-china
c_1aa9a881773d,l_huizhou-guangdong-china
c_c3d0282b8dec,l_aldersyde-alberta-canada
c_eab9bb6ac5db,l_long-beach-california-usa
c_fc210deb62f1,l_shanghai-shanghai-china
c_c888f1ba439a,l_rosemont-illinois-usa
c_870fbd348b82,l_draper-utah-usa
c_99087117e677,l_titusville-florida-usa
c_006e6ed34748,l_dallas-texas-usa
c_9ffe6da1d178,l_arlington-heights-illinois-usa
c_1db481c9e807,l_ontario-california-usa
c_d148b978fbba,l_ontario-california-usa
c_570a51c9950e,l_washington-district-of-columbia-usa
c_e91ca1012e9a,l_brea-california-usa
c_8b0439596914,l_brea-california-usa
c_ce22b0d6a9ba,l_ottawa-ontario-canada
c_2911d001aa2c,l_logan-utah-usa
c_667800fb54ce,l_waterloo-ontario-canada
c_bfcb24ce8f70,l_new-york-new-york-usa
c_d3311d2ab26f,l_alton-illinois-usa
c_8c6e1e402646,l_harrisburg-pennsylvania-usa
c_32478f9bb63f,l_seabrook-new-hampshire-usa
c_20e1136a21ec,l_alpharetta-georgia-usa
c_0b368b93ed5f,l_gardena-california-usa
c_c89e8b644188,l_conover-north-carolina-usa
c_ef82be7ccb62,l_lewes-delaware-usa
c_0417e61e99b4,l_cleveland-ohio-usa
c_f78e102cb715,l_concord-ontario-canada
c_90b6ce6095e0,l_jupiter-florida-usa
c_fc3197933418,l_sacramento-california-usa
c_8619199723da,l_mitchell-south-dakota-usa
c_e6bcdd7c9d54,l_kingston-ontario-canada
c_a12a4946c883,l_livingston-new-jersey-usa
c_899286e0874c,l_orange-california-usa
c_9ead8eab3f15,l_san-diego-california-usa
c_693ac58ee7af,l_arlington-heights-illinois-usa
c_82809d1743a4,l_palm-city-florida-usa
c_c62cadb9e960,l_nan-china
c_5fce89cd701d,l_huzhou-zhejiang-china
c_76bff575c27c,l_ontario-california-usa
c_6a76484c03df,l_mountain-view-california-usa
c_9e969c424423,l_suwanee-georgia-usa
c_dc2e3057908f,l_shenzhen-city-guangdong-china
c_72f3aa5b2ae7,l_moreno-valley-california-usa
c_7af7e95be4de,l_east-peoria-illinois-usa
c_3931a47e5c1b,l_istanbul-istanbul-turkey
c_e31a8a1642c6,l_katy-texas-usa
c_542c2063818d,l_glenview-illinois-usa
c_021f05966a87,l_ningbo-zhejiang-china
c_4046761f96d2,l_kowloon-bay-kl-hong-kong-china
c_d832e891bd83,l_adelaide-south-australia-australia
c_6843aa6fb721,l_chicopee-massachusetts-usa
c_de73d4f0a2dd,l_chicago-illinois-usa
c_83e1586fae39,l_tokyo-tokyo-japan
c_eebe274371d3,l_oklahoma-city-oklahoma-usa
c_ed44595156c4,l_foshan-guangdong-china
c_895c0afc6b03,l_draper-utah-usa
c_c4e79b1151b8,l_jiangmen-guangdong-china
c_e17fd752a20e,l_taizhou-jiangsu-china
c_35a1d2edf72f,l_zhangjiagang-jiangsu-china
c_e21750343e8a,l_suqian-jiangsu-china
c_e51486fb4192,l_suqian-jiangsu-china
c_c0efb9928471,l_changzhou-jiangsu-china
c_99ae0c8933f9,l_yancheng-jiangsu-china
c_1f3d1192db6f,l_jiujiang-jiangxi-china
c_949df638440c,l_jiaxing-zhejiang-china
c_c27cbb848db7,l_jiaxing-zhejiang-china
c_be5d368323fd,l_ganzhou-jiangxi-china
c_ed401e0edcce,l_nan-china
c_c5459d26037b,l_jinhua-zhejiang-china
c_d53bef35e1f8,l_naples-florida-usa
c_c77b960955f6,l_dallas-texas-usa
c_f767eaa19b64,l_denver-colorado-usa
c_973cef32715d,l_elkhart-indiana-usa
c_f68eccd190d1,l_moody-alabama-usa
c_2c0cc2c1399d,l_sunrise-florida-usa
c_2f010feeefdc,l_archdale-north-carolina-usa
c_70a2615ef01a,l_shangrao-jiangxi-china
c_03ac84eaafc5,l_nan-united-states-of-america-usa
c_af6c4b15b2dd,l_surrey-british-columbia-canada
c_b6eb19291100,l_nan-thailand
c_426fca314270,l_kaiping-guangdong-china
c_1c8145da6261,l_orange-city-florida-usa
c_c22ae733cfac,l_prescott-wisconsin-usa
c_f986fba19bb8,l_sonthofen-bayern-germany
c_0fcb1b0407da,l_cleveland-ohio-usa
c_ce1ee88770f4,l_hoffman-estates-illinois-usa
c_606b7761204a,l_scranton-pennsylvania-usa
c_18331adcbe17,l_chino-california-usa
c_343ea829d76c,l_pittsburgh-pennsylvania-usa
c_d70097a32fbd,l_mebane-north-carolina-usa
c_4647668cb525,l_belmont-north-carolina-usa
c_e1a70215c191,l_wuyi-zhejiang-china
c_5fca1395017c,l_chantilly-virginia-usa
c_911cb75fa528,l_atlanta-georgia-usa
c_61fe030cecc0,l_nan-mexico
c_404a60e89e43,l_clyde-hill-washington-state-usa
c_db523e7796c3,l_seo-gu-incheon-korea
c_f85368f7a1af,l_deerfield-beach-florida-usa
c_c2c31d5c5a6a,l_palo-alto-california-usa
c_6ee9398713d2,l_foshan-guangdong-china
c_4cbae1b36e9e,l_lakefield-minnesota-usa
c_20da6471a973,l_the-woodlands-texas-usa
c_e139cc33d7a7,l_clarksville-tennessee-usa
c_f7d42eb4742a,l_orlando-florida-usa
c_da052446477f,l_namegata-ibaraki-japan
c_d191314d2c39,l_beloit-wisconsin-usa
c_a7b5b12b48a4,l_east-dundee-illinois-usa
c_d56a0c803092,l_nan-italy
c_4e2d2c2b9289,l_bozeman-montana-usa
c_e47b5a438afd,l_deerfield-illinois-usa
c_15221d38e3a3,l_metairie-louisiana-usa
c_4ef2bbcb7052,l_latham-new-york-usa
c_922270b5e05d,l_pittsburgh-pennsylvania-usa
c_418933b7961c,l_aventura-florida-usa
c_f08f48c5c1a6,l_penticton-british-columbia-canada
c_0417e29dfb8d,l_portland-oregon-usa
c_0f9a76a22c2c,l_fort-meyers-florida-usa
c_6c74d2bea845,l_auburn-hills-michigan-usa
c_2e7ec997ac83,l_west-hartford-connecticut-usa
c_7467f3197874,l_puyallup-washington-state-usa
c_573df675b8d6,l_boca-raton-florida-usa
c_d65e236437ab,l_tempe-arizona-usa
c_0067bae1eee9,l_richardson-texas-usa
c_75a7b4331ea4,l_quebec-canada
c_02f30b3cc8f0,l_hangzhou-zhejiang-china
c_c2f60a64e6ba,l_edmonton-alberta-canada
c_c2575ac02a1d,l_mattoon-illinois-usa
c_2799fcef5f0a,l_lexington-kentucky-usa
c_b9e782edb3e5,l_dallas-texas-usa
c_93c4e543a58b,l_new-york-new-york-usa
c_750c5cf3b265,l_dallas-texas-usa
c_1aeb775ca764,l_mississauga-ontario-canada
c_7d41fc813c15,l_greenville-south-carolina-usa
c_9894eac8ea53,l_merrill-wisconsin-usa
c_f1a4a678a38b,l_mcallen-texas-usa
c_343801af576b,l_birmingham-alabama-usa
c_b70a39f33887,l_paramount-california-usa
c_5f15044b2fe7,l_duluth-minnesota-usa
c_d32aeb8704b5,l_san-antonio-texas-united-states-of-america-usa
c_d2b92cc640ef,l_south-sioux-city-nebraska-usa
c_59d0f4f6ac02,l_alcover-tarragona-spain
c_41f451485261,l_lake-oswego-oregon-usa
c_bb4eb7af4c78,l_abbotsford-british-columbia-canada
c_cfcb139866cf,l_calgary-alberta-canada
c_932eacd4b84d,l_wilmington-delaware-usa
c_386332bbd524,l_mooresville-north-carolina-usa
c_e7350056ea22,l_nashville-tennessee-usa
c_bdc102a2513f,l_san-diego-california-usa
c_919f0748a126,l_shenzhen-guangdong-china
c_0c46cafa3178,l_pasadena-california-usa
c_c570cf10101c,l_chicago-illinois-usa
c_0c5d9986ff9d,l_vaughan-ontario-canada
c_8d00cce58830,l_mableton-georgia-usa
c_373a802ba4f0,l_kingston-new-york-usa
c_c3375a896b1c,l_plano-texas-usa
c_762b91ff4858,l_pompano-beach-florida-usa
c_8f609958dc72,l_orlando-florida-usa
c_da8992535952,l_mesquite-texas-usa
c_45e8ae7277ac,l_antioch-tennessee-usa
c_62f5782a1ef2,l_st-catharines-ontario-canada
c_30268696cc21,l_lynden-washington-state-usa
c_7beefa174c75,l_chino-california-usa
c_499e98cc0408,l_nurnberg-bayern-germany
c_2b971c4cb4f4,l_new-york-new-york-usa
c_e9c5f9c056ce,l_lake-worth-beach-florida-usa
c_b65ef50e5f77,l_wheeling-west-virginia-usa
c_afa700f0a5f5,l_arlington-washington-state-usa
c_bd8074c9dac9,l_bellevue-washington-state-usa
c_0ce3e0143f5e,l_ocala-florida-usa
c_98b6ff3d502a,l_austin-texas-usa
c_123e9eadb8f9,l_deerfield-beach-florida-usa
c_15f4ede2869a,l_toccoa-georgia-usa
c_4acbd5066a75,l_new-york-new-york-usa
c_cdab229f6ab8,l_philadelphia-pennsylvania-usa
c_c9c05b4c2d0a,l_hammonds-plains-nova-scotia-canada
c_032363d2c1a7,l_nan-israel
c_f78ec671f892,l_santiago-santiago-metropolitan-region-chile
c_bc9b1ce19bc7,l_riverside-california-usa
c_3ec9f01648b9,l_xiamen-fujian-china
c_44861d93d1df,l_casselberry-florida-usa
c_2f3030819296,l_wuxi-jiangsu-china
c_b66fb8ec9ace,l_woodbridge-ontario-canada
c_ea1a660726ca,l_sarszentmihaly-fej-r-hungary
c_2ee89e00bee3,l_ho-chi-minh-ho-chi-minh-vietnam
c_698722216950,l_concord-north-carolina-usa
c_ad45d8cff2ab,l_westerville-ohio-usa
c_77b2e022a081,l_thurcroft-rotherham-united-kingdom
c_3718fbbb4f96,l_st-petersburg-florida-usa
c_d3364af9e86c,l_nan-japan
c_680a3f3b5d46,l_city-of-industry-california-usa
c_a179e20f5c72,l_aventura-florida-usa
c_6f26dfa19d8b,l_boca-raton-florida-usa
c_c00cc1bfa698,l_west-columbia-south-carolina-usa
c_abd77cad33a1,l_bettendorf-iowa-usa
c_3a5eec355492,l_houston-texas-usa
c_975ed3624dfd,l_mira-loma-california-usa
c_af54c7c63f18,l_houston-texas-usa
c_29dfeeb540b6,l_new-york-new-york-usa
c_f0f4d5efa39d,l_farmingdale-new-york-usa
c_423a4397eae2,l_hiawatha-iowa-usa
c_0f180b47ba9f,l_waukesha-wisconsin-usa
c_e8a8b6a91ca5,l_laval-canada
c_b656d8085caf,l_nan-austria
c_7c46d4c0e5c8,l_neuberg-bayern-germany
c_171e4bcdecec,l_montclair-california-usa
c_ccc88d69e239,l_boones-mill-virginia-usa
c_93163d827369,l_torrance-california-usa
c_53a5d5934059,l_coshocton-ohio-usa
c_9430e86c8f21,l_nan-china
c_46bb9827ce78,l_kalamazoo-michigan-usa
c_22f22abadf80,l_santa-rosa-california-usa
c_45e5af3ca401,l_lake-worth-beach-florida-usa
c_8fbc747505a0,l_atlanta-georgia-usa
c_f1b74b91c63d,l_miami-florida-usa
c_c8d157fd386b,l_new-canaan-connecticut-usa
c_a657e2a4c1dd,l_frederick-colorado-usa
c_325cff7ccff6,l_marietta-georgia-usa
c_0f686776883f,l_chesterfield-missouri-usa
c_492e7d7caa98,l_warwick-warwickshire-united-kingdom
c_849761f7c94c,l_cary-north-carolina-usa
c_ff5afb6f3fe8,l_manhattan-beach-california-usa
c_42533f972bc3,l_istanbul-istanbul-turkey
c_e74001354c4d,l_cocoa-florida-usa
c_fb3faabd46d9,l_lakewood-new-jersey-usa
c_d551199cf3b8,l_brockton-massachusetts-usa
c_0ca259565a48,l_nan-turkey
c_4b49744a54d7,l_atlanta-georgia-usa
c_59e98d65b384,l_island-park-idaho-usa
c_f4e09b31dd75,l_belleville-illinois-usa
c_5482ba0c182b,l_wilmington-delaware-usa
c_32edd2eb9412,l_norfolk-nebraska-usa
c_11b08abe3b22,l_reston-virginia-usa
c_fcd4e8b55093,l_hickory-kentucky-usa
c_c498b7d1d283,l_orchard-park-new-york-usa
c_c90c0f0fa1e8,l_buenos-aires-capital-federal-argentina
c_2e134c2fdded,l_colleyville-texas-usa
c_1d1f87361ad1,l_pompano-beach-florida-usa
c_40a318b45d6d,l_north-charleston-south-carolina-usa
c_0d7facdcb752,l_rancho-santa-margarita-california-usa
c_813665d08d19,l_westborough-massachusetts-usa
c_613662260b72,l_chatsworth-united-states-of-america-usa
c_49f82405773e,l_ogden-utah-usa
c_2d3088dc99b3,l_charleston-south-carolina-usa
c_d66bd3461066,l_honolulu-hawaii-usa
c_5b6248070806,l_boise-california-usa
c_810888829faa,l_levis-ontario-canada
c_92e015985d95,l_portland-oregon-usa
c_4286272e5755,l_osaka-city-osaka-japan
c_f36146b8947d,l_nanchang-jiangxi-china
c_ee6044d74842,l_nanjing-jiangsu-china
c_9cc206a113a6,l_nantong-jiangsu-china
c_ca2bb1edf2c3,l_barrie-ontario-canada
c_3fbc13bc2893,l_mission-hills-california-usa
c_8abd1911fa5c,l_linthicum-heights-maryland-usa
c_569745b8a3c5,l_dayton-ohio-usa
c_b8150b5c41c5,l_charlotte-north-carolina-usa
c_bb3834188fff,l_houston-texas-usa
c_ce438e25ede8,l_hudson-ohio-usa
c_db9f5bcc200d,l_new-albany-ohio-usa
c_818c3d0268d4,l_pensacola-florida-usa
c_a620b2d29be2,l_norfolk-nebraska-usa
c_27bb393944c1,l_birmingham-alabama-usa
c_c08bb56e8b34,l_dong-xoai-dong-nai-vietnam
c_f27f5587b2c0,l_alpahretta-georgia-usa
c_a83a410a10ea,l_atlanta-georgia-usa
c_ef9d1ec769c6,l_houston-texas-usa
c_5e9ea563f690,l_olive-branch-mississippi-usa
c_4c991a1016a3,l_chicago-illinois-usa
c_ae889d490db9,l_westfield-indiana-usa
c_e7218db1fa6e,l_houston-texas-usa
c_fdabd5a5ca05,l_bradenton-florida-usa
c_cc831d4e9359,l_johns-creek-georgia-usa
c_9aa9b73c8ca0,l_salt-lake-city-utah-usa
c_c4e113501465,l_yuyao-zhejiang-china
c_92d4d4f25f02,l_ningbo-zhejiang-china
c_be12a376f3c6,l_rockford-tennessee-usa
c_a76ca1ecfc84,l_montreal-canada
c_387bc1f8ec4b,l_fairfield-new-jersey-usa
c_f441d1d9a806,l_greer-south-carolina-usa
c_cb3c083519c3,l_vanceburg-kentucky-usa
c_3eb965513449,l_moncton-new-brunswick-canada
c_edf5d01c1824,l_orlando-florida-usa
c_e136ea32507f,l_brossard-canada
c_ffb78b7e5159,l_cleveland-ohio-usa
c_a53e23335a43,l_ridgeway-virginia-usa
c_6de26db31838,l_castro-valley-california-usa
c_6136e0ad26e7,l_cedar-city-utah-usa
c_9127a3f6d125,l_nikhompattana-district-rayong-thailand
c_23924bad076b,l_mullins-south-carolina-usa
c_72be4b0901d3,l_new-albany-ohio-usa
c_5915d0250941,l_toronto-ontario-canada
c_0e40aa555d77,l_clearfield-utah-usa
c_9749d2f3fcb4,l_syracuse-indiana-usa
c_005910ab605d,l_jenison-michigan-usa
c_f167130e6262,l_green-lake-wisconsin-usa
c_3476b30570b9,l_zeeland-michigan-usa
c_24e6ddbd35e4,l_irvine-california-usa
c_af6b9f2b8379,l_fort-collins-colorado-usa
c_a2b21989d844,l_rohnert-park-california-usa
c_478748fe3951,l_charlotte-north-carolina-usa
c_1e060f1c7a89,l_dalseo-gu-daegu-korea
c_c99421e2e485,l_american-fork-utah-usa
c_be545b85feb2,l_atlanta-georgia-usa
c_edffbbdc1146,l_exton-pennsylvania-usa
c_91948e02a62a,l_doraville-georgia-usa
c_ee1af5acbf1e,l_lecco-lecco-italy
c_214c898b2978,l_madison-wisconsin-usa
c_20a6872fd946,l_san-diego-california-usa
c_581f1ae712be,l_nan-bahamas
c_c6e7c852bed0,l_pittsburgh-pennsylvania-usa
c_e8bc9c5ffdf7,l_red-wing-minnesota-usa
c_d61ff31a1d50,l_new-braunfels-texas-usa
c_10816d9306dc,l_miami-florida-usa
c_905b4442ff79,l_oradea-bihor-romania
c_8005d83991f7,l_palo-alto-california-usa
c_5dde2db8c587,l_ellenville-new-york-usa
c_8b3f2167053b,l_sutherlin-oregon-usa
c_39312d58c4c6,l_cincinnati-ohio-usa
c_6dc08593c8f2,l_columbus-ohio-usa
c_724522477965,l_surrey-british-columbia-canada
c_63a99cd27405,l_st-monique-canada
c_a7192ce7d1f0,l_naples-florida-usa
c_7ed81d978129,l_doylestown-pennsylvania-usa
c_93ff610cf69f,l_ontario-california-usa
c_41f0e36bf360,l_newark-delaware-usa
c_3e7e89f683bc,l_lincoln-new-mexico-usa
c_0d783391a924,l_bogota-new-jersey-usa
c_f4a5ceb73881,l_mobile-alabama-usa
c_51bfffba1b22,l_naperville-illinois-usa
c_a4f8bf2ab9be,l_toledo-ohio-usa
c_598ac8f416e6,l_houston-texas-usa
c_400e76149fd8,l_istanbul-istanbul-turkey
c_3efbbabed8fd,l_elk-grove-village-illinois-usa
c_b0a4df06a7eb,l_washington-district-of-columbia-usa
c_866f428c97c4,l_ft-myers-florida-usa
c_30c0551b00c4,l_kutztown-pennsylvania-usa
c_5a4316d52fce,l_chino-california-usa
c_927b44b97e9e,l_bourgbarre-ille-et-vilaine-france
c_4ef332e31813,l_newark-new-jersey-usa
c_ff041841abd7,l_north-las-vegas-nevada-usa
c_171c18344ed3,l_fort-worth-texas-usa
c_6554988c7b52,l_chattanooga-tennessee-usa
c_8692c7cf7df6,l_englewood-new-jersey-usa
c_657fe0efb07c,l_alhambra-california-usa
c_f1cfb918f821,l_rochester-hills-michigan-usa
c_a2f65047c58b,l_norcross-georgia-usa
c_a732463de8d4,l_south-jordan-utah-usa
c_75ffffd26198,l_collierville-tennessee-usa
c_9234f76e1809,l_saint-paul-minnesota-usa
c_4462e11273b3,l_stonewall-manitoba-canada
c_9e8d29681910,l_golden-valley-minnesota-usa
c_627d4ec9f6e5,l_arroyo-grande-california-usa
c_d5ebecca2faa,l_jupiter-florida-usa
c_c97ef06e1d54,l_bremen-indiana-usa
c_268331551def,l_jacksonville-florida-usa
c_d979d89c1ba1,l_new-york-new-york-usa
c_5a74ed002cf2,l_panabo-city-davao-del-norte-philippines
c_1ee74c678570,l_san-diego-california-usa
c_511bbd92ef7e,l_tay-ninh-tay-ninh-vietnam
c_a29c50db33e0,l_hangzhou-zhejiang-china
c_1d8876cf9f30,l_sugar-land-texas-usa
c_f07cdbf42d56,l_harbor-city-california-usa
c_0319a141f645,l_08184-palau-solit-i-plegamans-barcelona-spain
c_e4e52eff595e,l_adairsville-georgia-usa
c_d1b8bf60eb16,l_salt-lake-city-utah-usa
c_49928ed0623c,l_toronto-ontario-canada
c_dfa86279de8b,l_los-angeles-california-usa
c_17bf89a0addb,l_grants-pass-oregon-usa
c_d543166feae4,l_bradenton-florida-usa
c_9c705befcded,l_lewisville-texas-usa
c_663f42fda0f1,l_palatka-florida-usa
c_7fe572cda8c3,l_wilmington-delaware-usa
c_f470a9903c71,l_hialeah-florida-usa
c_31dbe3da94b3,l_clearwater-new-york-usa
c_e2c55c2502c7,l_deerfield-beach-florida-usa
c_493f2e5ff1bd,l_charlotte-north-carolina-usa
c_6dc14c187de2,l_seoul-seoul-korea
c_8d6aed2db2e3,l_winston-salem-north-carolina-usa
c_b4b00cc9e6b4,l_maumee-ohio-usa
c_75b17d2ab3a9,l_forest-grove-oregon-usa
c_845d9811be4c,l_st-petersburg-florida-usa
c_b7f360bd7098,l_shakopee-minnesota-usa
c_021b775867fa,l_surrey-canada
c_8936ebfb556d,l_columbus-ohio-usa
c_3c33ee8340a6,l_tucker-georgia-usa
c_9e4f1d64f5c3,l_raleigh-north-carolina-usa
c_c2b8c654f271,l_plano-texas-usa
c_dcd7b709ecc5,l_groveland-florida-usa
c_3b9de8831559,l_bensalem-pennsylvania-usa
c_e946a9040731,l_hot-springs-arkansas-usa
c_5e224b5f4ec5,l_mississauga-ontario-canada
c_93b96837cd0a,l_orlando-florida-usa
c_f35c9ec298a2,l_willmar-minnesota-usa
c_ed9c4e10e98b,l_white-city-oregon-usa
c_22ba63bd87d3,l_coral-springs-florida-usa
c_1b33c71547b6,l_nashville-tennessee-usa
c_58c5fd836ab4,l_chantilly-virginia-usa
c_69f84d222b95,l_nan-italy
c_981ae1bd64a9,l_edmonton-alberta-canada
c_09f2a0e94ca6,l_haines-city-florida-usa
c_9d872a125220,l_sarasota-florida-usa
c_d7431ea7ab72,l_wichita-kansas-usa
c_00aa79722821,l_kocaeli-kocaeli-turkey
c_2698ddbae89a,l_maryville-tennessee-usa
c_2ab401f18f2c,l_richmond-virginia-usa
c_b32eb10c224f,l_portland-oregon-usa
c_eedaa678aa24,l_lawrence-kansas-usa
c_e209dd3e7b9d,l_wauconda-illinois-usa
c_4825efbb2764,l_denver-colorado-usa
c_42e2715b0955,l_mississauga-ontario-canada
c_a55823dea24b,l_tustin-california-usa
c_0e90ec855e3c,l_rancho-cucamonga-california-usa
c_9d240a6fec1d,l_ottawa-ontario-canada
c_e246fd69beb1,l_langfang-hebei-china
c_2c90e1ddc611,l_burlington-washington-state-usa
c_51ec0df360d3,l_shawinigan-canada
c_f0be386ff316,l_lewisville-texas-usa
c_3c8a319f3f46,l_qingdao-shandong-china
c_bcf44f1cbc96,l_qingdao-shandong-china
c_2d9de32eacfc,l_qingdao-shandong-china
c_6a7741bf77d1,l_qingdao-shandong-china
c_074d91261ce8,l_qingdao-shandong-china
c_ef88bcedc5b1,l_qingdao-shandong-china
c_75a0df61b826,l_qingyuan-guangdong-china
c_a520b30dab12,l_freeburg-missouri-usa
c_da80dc8be9ab,l_camp-hill-pennsylvania-usa
c_ff34b558e560,l_quanzhou-fujian-china
c_db955e759b37,l_vernon-california-usa
c_aeb0d12f9500,l_quebec-city-canada
c_f050087a76f8,l_mineral-wells-texas-usa
c_a55b116a9201,l_las-vegas-nevada-usa
c_74db40ece68f,l_ventura-california-usa
c_5b496fa634a6,l_ventura-california-usa
c_91632b501254,l_castro-valley-california-usa
c_d78a821f1a56,l_quzhou-zhejiang-china
c_4ff89c5d7fe3,l_greenwich-connecticut-usa
c_3247d0d4a612,l_ocala-florida-usa
c_5f5b8f1502c4,l_bradford-ontario-canada
c_f0f803aace3d,l_ward-hill-massachusetts-usa
c_70e5b88800fe,l_city-of-industry-california-usa
c_bca5c8cb30c5,l_morrisville-north-carolina-usa
c_3d53dcee547d,l_auburn-hills-michigan-usa
c_d16e32c2dd1d,l_miami-florida-usa
c_afb2a2751d21,l_orlando-florida-usa
c_73c8310d3f79,l_miami-florida-usa
c_fceb1dd6ae32,l_hillsboro-texas-usa
c_b8456b9e13a4,l_savannah-georgia-usa
c_a4c474792970,l_winfield-west-virginia-usa
c_d5a2eba915cd,l_west-plains-missouri-usa
c_a0e08aec6afb,l_austin-texas-usa
c_5e3b0c05a04c,l_tulsa-oklahoma-usa
c_c608d04ca7cb,l_kent-washington-state-usa
c_17486724890e,l_las-vegas-nevada-usa
c_36a5638444dc,l_salt-lake-city-utah-usa
c_087d0e6b2278,l_kansas-city-missouri-usa
c_689627dd90df,l_orlando-florida-usa
c_07637040a2bd,l_st-jerome-canada
c_edc6f0adb327,l_ramsey-new-jersey-usa
c_39d18b20dfee,l_ellicott-city-maryland-usa
c_45c96109c278,l_waunakee-wisconsin-usa
c_4a3cec055f39,l_bonham-texas-usa
c_6c1677b716c5,l_chicago-illinois-usa
c_6bdbe79c87f2,l_carrollton-texas-usa
c_fa77d7e22fed,l_tallahassee-florida-usa
c_f4cb850cf0e6,l_harrisburg-pennsylvania-usa
c_36bfda175d82,l_scottsdale-arizona-usa
c_2aaeb78e01a4,l_west-palm-beach-florida-usa
c_8095b776c7bf,l_washington-district-of-columbia-usa
c_3370cd407538,l_everson-washington-state-usa
c_7d5a92ae4b31,l_wilburgstetten-bayern-germany
c_bf421cec0dfa,l_gig-harbor-washington-state-usa
c_ea6a60ab9585,l_ko-chan-district-chonburi-thailand
c_67db9e94bfb0,l_miami-florida-usa
c_3d92d7dd15a7,l_vaughan-ontario-canada
c_d1ef15021a06,l_etobicoke-ontario-canada
c_13dceb881323,l_fort-smith-arkansas-usa
c_19053eb631e3,l_glendale-hights-illinois-usa
c_82fd2284ccb0,l_burr-oak-michigan-usa
c_99ebfc494b1f,l_tigard-oregon-usa
c_aef34e4a2eda,l_hawthorne-california-usa
c_255c70b4a58a,l_peachtree-city-georgia-usa
c_b0a325836438,l_nan-connecticut-usa
c_dce4edc1f1df,l_blissfield-michigan-usa
c_ecbc41d51048,l_charlotte-north-carolina-usa
c_c11271bdd02f,l_miami-beach-florida-usa
c_d90caabf3274,l_springville-utah-usa
c_ef046ce0c65b,l_milton-ontario-canada
c_ee2c13e086f9,l_canoga-park-california-usa
c_dd39bfe95cfc,l_salete-santa-catarina-brazil
c_641c1ab141b9,l_carrollton-texas-usa
c_4d03f65ecee7,l_hauppauge-new-york-usa
c_5b4cb534fa49,l_new-york-new-york-usa
c_963fffa7d1c5,l_phoenix-arizona-usa
c_ae7b114758b6,l_chino-california-usa
c_b09362ab14aa,l_imperial-saskatchewan-canada
c_ac6c6538e74b,l_huntersville-north-carolina-usa
c_1d2406389c09,l_spicewood-texas-usa
c_870899048f46,l_cumming-georgia-usa
c_6fbbcfdfe7d9,l_heath-texas-usa
c_e7be1ea399bf,l_louisville-kentucky-usa
c_08b0ebe638d7,l_columbus-ohio-usa
c_901a71ab37d7,l_west-plains-missouri-usa
c_c162d9052758,l_wilmington-north-carolina-usa
c_5904a5f9ce4b,l_spartanburg-south-carolina-usa
c_f078e406a242,l_ocala-florida-usa
c_d3dc6ad4ef9a,l_hillsboro-oregon-usa
c_a183f4d31df0,l_plant-city-florida-usa
c_f05e20d6548c,l_los-angeles-california-usa
c_9985faf594ab,l_san-antonio-texas-usa
c_e2e4c3948acf,l_lakeland-florida-usa
c_9f502e9774f6,l_thornton-colorado-usa
c_c8080c7a947b,l_archbold-ohio-usa
c_26dbd1c7df35,l_venda-do-pinheiro-lisboa-portugal
c_61313a768253,l_hyannis-massachusetts-usa
c_778be6d2d55a,l_brampton-ontario-canada
c_c5cc5ce5ccae,l_kennesaw-georgia-usa
c_fbf0b80142aa,l_tualatin-oregon-usa
c_ab847fe7646e,l_austin-texas-usa
c_777e749dced0,l_carmel-indiana-usa
c_3cdf71383d34,l_plattsburgh-new-york-usa
c_f268e8b9b107,l_franklin-tennessee-usa
c_22b1787c5c17,l_colli-al-metauro-pesaro-e-urbino-italy
c_08129a5ca0fa,l_broomfield-colorado-usa
c_6107c18f4563,l_georgetown-south-carolina-usa
c_cafb2f3ce991,l_gig-harbor-washington-state-usa
c_83d35907df48,l_lemont-illinois-usa
c_a00db2f02f04,l_st-paul-minnesota-usa
c_c7c3ee8d4f8c,l_nan-turkey
c_af5a8b6332dd,l_chesterfield-michigan-usa
c_a00f88c66c27,l_north-charleston-south-carolina-usa
c_70309eaf9489,l_ft-worth-texas-usa
c_4c50c1e92a0a,l_torrance-california-usa
c_c9ce81eb4853,l_dezhou-shandong-china
c_15565e5b4f77,l_qingdao-shandong-china
c_b77f53e16574,l_weifang-shandong-china
c_9f8490046b7d,l_weifang-shandong-china
c_0d4e6606a74c,l_linyi-shandong-china
c_6e67f1cb8cd5,l_laiwu-shandong-china
c_02dbfc05d6b2,l_fengxian-shanghai-china
c_195b193e2661,l_shanghai-shanghai-china
c_79bad09dafa2,l_shanghai-shanghai-china
c_f848d171e7c9,l_shanghai-shanghai-china
c_6335067f252a,l_shanghai-shanghai-china
c_c6852cd148a2,l_shanghai-shanghai-china
c_928a6336e642,l_shanghai-shanghai-china
c_3e7830c158dc,l_shanghai-shanghai-china
c_0fa0c52ba8de,l_shanghai-shanghai-china
c_8e9353676012,l_shanghai-shanghai-china
c_0017bce12b99,l_shanghai-shanghai-china
c_51a5ba119e5f,l_shanghai-shanghai-china
c_0740ce6ac210,l_hayward-california-usa
c_a80af5772cbe,l_eagle-mt-utah-usa
c_a895e7ec0b98,l_philadelphia-pennsylvania-usa
c_56ea3737bfda,l_shenzhen-guangdong-china
c_cf08189035eb,l_shenzhen-guangdong-china
c_f3830322c3c3,l_shenzhen-guangdong-china
c_8e6a5b852efb,l_shenzhen-guangdong-china
c_2fda03802e5e,l_shenzhen-guangdong-china
c_8c9ff89cbed2,l_langfang-hebei-china
c_c35c37027e42,l_jacksonville-florida-usa
c_40670f2c99e6,l_cleveland-ohio-usa
c_950ce6aa9b2c,l_nagahama-city-shiga-japan
c_fd2d0207e419,l_paju-gyeonggi-do-korea
c_da9ee9bc8d65,l_nan-korea
c_eff209bd47c4,l_warwick-rhode-island-usa
c_ca5fe4c4f845,l_macon-georgia-usa
c_2a1ab79529c5,l_hickory-north-carolina-usa
c_3e4497132d17,l_nan-turkey
c_5e3c84709ae8,l_georgia-usa
c_dd825460a590,l_red-bluff-california-usa
c_4ba85ab423d8,l_lyndhurst-new-jersey-usa
c_4be4b88598b8,l_eau-claire-wisconsin-usa
c_f4bf040248c7,l_san-jose-california-usa
c_6a9ef9f7670c,l_whitewater-wisconsin-usa
c_196ceace6ea1,l_irvine-california-usa
c_951fd37fe1fc,l_tequesta-florida-usa
c_af2b51f1e2e1,l_pleasanton-california-usa
c_ca12f805f6c3,l_nan-turkey
c_a3a8af9dfb22,l_austin-texas-usa
c_0798d87b3182,l_new-york-new-york-usa
c_9d5b0fd19130,l_dallas-texas-usa
c_55092a7945e4,l_dallas-texas-usa
c_f04a8bccd882,l_vaughn-ontario-canada
c_a55ef978dedc,l_orlando-florida-usa
c_fbc9d874b4b6,l_shanghai-shanghai-china
c_ab83160c41d0,l_reading-pennsylvania-usa
c_cad30f237c1f,l_omaha-nebraska-usa
c_6264521f5da3,l_toronto-ontario-canada
c_1969383f3d21,l_mount-royal-new-jersey-usa
c_a7edd25adc3c,l_phoenix-arizona-usa
c_e18d1210578a,l_vineyard-utah-usa
c_cec9f5424bac,l_pembroke-new-hampshire-usa
c_7ef7924611a8,l_mississauga-ontario-canada
c_fd52e81f499a,l_leesburg-florida-usa
c_6ccde0616ec0,l_deerfield-illinois-usa
c_2e4809e2aab3,l_vista-california-usa
c_9fc6b1fe41df,l_ville-st-laurent-canada
c_be2528fe9dca,l_nan-turkey
c_be821695d475,l_rosenheim-bayern-germany
c_e5f754088df4,l_louiseville-canada
c_688683aa3455,l_goleta-california-usa
c_287da33ad240,l_bellevue-washington-state-usa
c_adffbb810bb9,l_fountain-inn-south-carolina-usa
c_27eba0d6c3d0,l_huzhou-zhejiang-china
c_4dcf34a28bf3,l_orlando-florida-usa
c_981997aaf7dc,l_palo-alto-united-states-of-america-usa
c_def04e7bf151,l_san-francisco-california-usa
c_fc8c6278a625,l_santa-rosa-beach-florida-usa
c_b9b2f60a2f76,l_niverville-manitoba-canada
c_ebaf8821c295,l_stamford-connecticut-usa
c_16998b853ff6,l_smackover-arkansas-usa
c_7f318cc1f499,l_roanoke-virginia-usa
c_96d7e6a01066,l_yulee-florida-usa
c_1d354e1f6382,l_oakland-california-usa
c_e9424e9e6b8d,l_mckinney-texas-usa
c_203429524e81,l_chantilly-virginia-usa
c_83e61d4e9439,l_edison-new-jersey-usa
c_fce60d18d05b,l_arlington-texas-usa
c_22a2cca8b903,l_san-clemente-california-usa
c_d8131a39f603,l_chamblee-georgia-usa
c_13150075b1c5,l_kohler-wisconsin-usa
c_b69bafd19354,l_lebanon-tennessee-usa
c_d4803ce2e300,l_west-hatfield-massachusetts-usa
c_9f387cb44b80,l_milwaukee-wisconsin-usa
c_13c33e0d283c,l_monroe-connecticut-usa
c_c5414a0ac946,l_appleton-wisconsin-usa
c_e678af939f4d,l_west-palm-beach-florida-usa
c_04543ebd9977,l_cookeville-tennessee-usa
c_bb309e45693d,l_venice-california-usa
c_b3c7c8e65d18,l_tampa-florida-usa
c_91d6d5ca9fd9,l_denver-colorado-usa
c_8230117ec609,l_albany-oregon-usa
c_9df18cdaa10a,l_montreal-canada
c_d63e969d6769,l_dahlonega-georgia-usa
c_db8e481b55ef,l_redmond-washington-state-usa
c_be42cb4d659e,l_webster-new-york-usa
c_500515a18153,l_sherwood-oregon-usa
c_1add52a9fe5d,l_centennial-colorado-usa
c_2d1ad968d8b9,l_carson-california-usa
c_b9207a3c4170,l_carson-california-usa
c_b525976af7e9,l_raleigh-north-carolina-usa
c_b565518ef354,l_braco-do-norte-santa-catarina-brazil
c_bdb4eacb0e0c,l_el-segundo-california-usa
c_e4bd80556814,l_leawood-kansas-usa
c_6499babdd997,l_warrenton-missouri-usa
c_d741dd4b688a,l_monroe-washington-state-usa
c_16942dc9f631,l_pincher-creek-alberta-canada
c_a8fc3486c785,l_carrollton-georgia-usa
c_534928dfc183,l_pleasant-hill-missouri-usa
c_f1d12327fae0,l_new-holland-pennsylvania-usa
c_f046c79f2115,l_salt-lake-city-utah-usa
c_7c9b22f08127,l_chaska-minnesota-usa
c_8c84342996b9,l_thomasville-georgia-usa
c_88d96fee7fa2,l_suzhou-jiangsu-china
c_a62f9a6fb2ad,l_hudson-ohio-usa
c_1d228dab3280,l_lenexa-kansas-usa
c_a2de1bf4dff6,l_cranston-rhode-island-usa
c_b8ed759031f8,l_decorah-iowa-usa
c_d25337f13922,l_ban-bueng-chonburi-thailand
c_d81ccc5a73fe,l_zaozhuang-shandong-china
c_54073bd119e1,l_taizhou-zhejiang-china
c_8c145e887393,l_taizhou-zhejiang-china
c_3c034526febb,l_yuhuan-zhejiang-china
c_681f179242dd,l_taizhou-jiangsu-china
c_cd17778d1526,l_salmon-arm-british-columbia-canada
c_715d80df9ed9,l_stafford-texas-usa
c_8fa83e490ede,l_saint-augustin-de-desmaures-canada
c_c436d7dbfec3,l_istanbul-istanbul-turkey
c_00a4ae6d61f8,l_oxford-north-carolina-usa
c_85c918da1400,l_paterna-valencia-spain
c_a8b36299eff2,l_arlington-heights-illinois-usa
c_84f4784976d6,l_timonium-maryland-usa
c_51b0204c65fd,l_bois-des-filion-canada
c_0913ca321efb,l_austin-texas-usa
c_b5f0809407d6,l_clinton-twp-michigan-usa
c_3addd5997a4f,l_austin-texas-usa
c_56b1fd25031b,l_baltimore-maryland-usa
c_97729405c4f9,l_virginia-beach-virginia-usa
c_8bdf7f52c4d2,l_rouses-point-new-york-usa
c_8d0b9026857b,l_west-palm-beach-florida-usa
c_4f82baf72cc4,l_deerfield-illinois-usa
c_f46b5e060a4e,l_canton-ohio-usa
c_26efcf3faefc,l_batavia-new-york-usa
c_375e1afe5263,l_lakeville-minnesota-usa
c_f6acd26bb023,l_columbus-georgia-usa
c_266c5c964f15,l_chicago-illinois-usa
c_f57fd33a4505,l_fredericksburg-virginia-usa
c_5e1dd793e222,l_tangshan-hebei-china
c_c8b4c621a679,l_tianjin-tianjin-china
c_bf6ab0eca8d7,l_danbury-connecticut-usa
c_6bfbbcaeee09,l_battle-creek-michigan-usa
c_579ad90066f5,l_north-fort-myers-florida-usa
c_98c622b29535,l_terrebonne-canada
c_33d77a32b13c,l_largo-florida-usa
c_a9cd2029ecaa,l_chicago-illinois-usa
c_c2e86748e29a,l_nan-portugal
c_a3964b724817,l_deal-new-jersey-usa
c_2d31019e707e,l_white-bear-lake-minnesota-usa
c_9c86e1421807,l_burlingame-california-usa
c_1d8aa3a1049c,l_bellevue-washington-state-usa
c_d3c23f2b8653,l_miami-florida-usa
c_9cf4a24a90f4,l_vernon-british-columbia-canada
c_4dbfcd9e9690,l_shanghai-shanghai-china
c_a4e954bf171c,l_sriracha-chonburi-thailand
c_1b10d4c9dedc,l_new-york-new-york-usa
c_782e6ae602fb,l_sheboygan-wisconsin-usa
c_86b03eb09440,l_bethel-connecticut-usa
c_b6ed798541c2,l_sanford-florida-usa
c_92104aaccc44,l_seattle-washington-state-usa
c_c7123ad41d29,l_seattle-washington-state-usa
c_dae0eee61d01,l_scottsdale-arizona-usa
c_87d3fd132dd5,l_beachwood-ohio-usa
c_55903d1e731b,l_winchester-virginia-usa
c_091521aa5a04,l_irvine-california-usa
c_4739bebaec76,l_the-villages-florida-usa
c_5e4dc5a9b342,l_qingdao-shandong-china
c_012f61d800e2,l_dublin-california-usa
c_9ecb59a6532b,l_mukwonago-wisconsin-usa
c_67e915396cd2,l_bracebridge-ontario-canada
c_fb4c04596e1a,l_denver-colorado-usa
c_4b2906ff92d9,l_marietta-georgia-usa
c_0664f61c0c20,l_brantford-ontario-canada
c_e8dc97cd6fc4,l_chalfont-pennsylvania-usa
c_f3bfa6938112,l_palmerston-ontario-canada
c_cca0d01f50ff,l_minneapolis-minnesota-usa
c_bcd971f84d7b,l_nanjing-jiangsu-china
c_1c2bc51761eb,l_sandy-utah-usa
c_1912c14bdbec,l_los-angeles-california-usa
c_e2bb30a1d641,l_parsippany-new-jersey-usa
c_4e7e34b96c21,l_denver-colorado-usa
c_703fd096722f,l_charlotte-north-carolina-usa
c_af8c64f6b3cb,l_buffalo-new-york-usa
c_65a976ed24dd,l_melbourne-florida-usa
c_fa806dff9a1a,l_thunder-bay-ontario-canada
c_031b7782b2a3,l_austin-texas-usa
c_3972815224a5,l_grand-rapids-michigan-usa
c_3fb1c9ef2aba,l_stockton-california-usa
c_050ebd8adb31,l_eagan-minnesota-usa
c_4b785cb59423,l_chattanooga-tennessee-usa
c_51e4837b394e,l_ankara-ankara-turkey
c_3e9d23be1ba0,l_lombard-illinois-usa
c_b16bd09cca49,l_bowling-green-kentucky-usa
c_65541a87a688,l_santa-ana-california-usa
c_f55e447a84e9,l_jeonju-si-jeonbuk-jeollabuk-do-korea
c_6435471fe2f2,l_westborough-massachusetts-usa
c_f667cc40c326,l_midland-michigan-usa
c_c4788fa53ff7,l_tampa-florida-usa
c_46ee7c5cd2e4,l_fuzhou-fujian-china
c_af53472a5937,l_charleston-south-carolina-usa
c_71838153ac04,l_garland-texas-usa
c_87ace20e84da,l_winston-salem-north-carolina-usa
c_d20457a88e30,l_austin-texas-usa
c_3de0153d448b,l_delta-british-columbia-canada
c_b4d18c226543,l_atlanta-georgia-usa
c_c270977e7ae2,l_fontana-california-usa
c_cee4b44f6667,l_new-york-new-york-usa
c_b24f03eccfdc,l_corona-california-usa
c_9881b4d41421,l_tampa-florida-usa
c_bab31fa4be49,l_boone-north-carolina-usa
c_f86b4581a77e,l_ny-new-york-usa
c_ef136989e82c,l_jiangmen-guangdong-china
c_b012db988f19,l_dalton-georgia-usa
c_a4d9d000bf7f,l_opelika-alabama-usa
c_bc0e1adf27e2,l_fuzhou-fujian-china
c_a4c35da64365,l_friendswood-texas-usa
c_ebfa3f361adc,l_league-city-texas-usa
c_784964c40bbe,l_draper-utah-usa
c_ece1ccbde93d,l_alpharetta-georgia-usa
c_86ae513ca88b,l_istanbul-istanbul-turkey
c_a2adf1ab2cad,l_export-pennsylvania-usa
c_66bce1cefef0,l_mahone-bay-nova-scotia-canada
c_ef32646753db,l_waite-park-minnesota-usa
c_71ddbe748205,l_sanford-florida-usa
c_6005bd2537b3,l_aliquippa-pennsylvania-usa
c_f14a89ae0184,l_kasota-minnesota-usa
c_40bad1509542,l_rancho-cucamonga-california-usa
c_3b00838052a3,l_fort-myers-florida-usa
c_006db489d963,l_stamford-connecticut-usa
c_783ddae7007b,l_nan-hong-kong
c_a79c685e4401,l_trang-bang-tay-ninh-vietnam
c_fb78214b2201,l_nan-vietnam
c_110d26485696,l_trang-bang-tay-ninh-vietnam
c_6fb2a5cddc3e,l_concord-ontario-canada
c_870baf2ab2d9,l_goshen-indiana-usa
c_d28a8e1b8744,l_phoenix-arizona-usa
c_29653c6a59dc,l_phoenix-arizona-usa
c_38d43e9e3750,l_denver-colorado-usa
c_6599423d2f1a,l_cambridge-ontario-canada
c_d1b183320832,l_calgary-alberta-canada
c_39aa30a08002,l_maple-ridge-british-columbia-canada
c_5eb71de9a2fe,l_skokie-illinois-usa
c_d82eab886a5f,l_chino-california-usa
c_343c91a3be37,l_kansas-city-missouri-usa
c_929922fc1343,l_longwood-florida-usa
c_0bcaeab9c531,l_victoriaville-canada
c_af4ea07fdcb6,l_rockford-illinois-usa
c_d2a0539d397f,l_plantsville-connecticut-usa
c_6046fd05a23b,l_loomis-california-usa
c_79872407e5c0,l_franklin-kentucky-usa
c_fbe86c2c4e48,l_brunswick-georgia-usa
c_5e0f8bd50fec,l_houston-texas-usa
c_97d0f3a73a77,l_quanzhou-fujian-china
c_8c9ed755d101,l_scotts-valley-california-usa
c_878cfdf5f5c9,l_englewood-colorado-usa
c_7a2c47ec7183,l_lake-zurich-illinois-usa
c_921ed9abcba1,l_bethel-connecticut-usa
c_ee7ef5b83ca2,l_chicago-illinois-usa
c_11ba41ce022b,l_galston-new-south-wales-australia
c_21111bfeb15c,l_maple-ridge-british-columbia-canada
c_24fde38b9bbd,l_schofield-wisconsin-usa
c_d9a78d9fa25e,l_boston-massachusetts-usa
c_55bf9439592e,l_lewisville-texas-usa
c_f9fc08a91e4f,l_bartow-florida-usa
c_a6e4cc1e1adf,l_jamestown-new-york-usa
c_d514588edbfa,l_batavia-illinois-usa
c_2656195671d2,l_des-moines-iowa-usa
c_03a3031b43e8,l_wenzhou-zhejiang-china
c_352111ead816,l_yueqing-zhejiang-china
c_1fd3d5784c47,l_wenzhou-zhejiang-china
c_72def9d838a0,l_wenzhou-zhejiang-china
c_a62a28457010,l_toronto-ontario-canada
c_f7e84b5a7ff4,l_rancho-dominguez-california-usa
c_b6e1ed9590c6,l_vancouver-united-states-of-america-usa
c_cbff05a30a74,l_columbus-ohio-usa
c_7bd9362c6843,l_columbus-ohio-usa
c_b551ca570f0e,l_columbus-ohio-usa
c_8e57ddd941d0,l_columbus-ohio-usa
c_4c771a7ebbf7,l_brampton-ontario-canada
c_afa28297d0ff,l_seattle-washington-state-usa
c_dd7872d5c1d5,l_stockton-california-usa
c_b8d74ae9f392,l_brooklyn-new-york-usa
c_eafab7387165,l_temple-texas-usa
c_65bc688c04ac,l_petaluma-california-usa
c_1928e64d60df,l_north-syracuse-new-york-usa
c_d0c2b369a261,l_cincinnati-ohio-usa
c_e81743d5bb5c,l_tillson-new-york-usa
c_fee6a2d4093b,l_monett-missouri-usa
c_9ae212cf91cc,l_new-york-new-york-usa
c_88195ec31de9,l_nan-thailand
c_43ed5f50b4b6,l_irving-texas-usa
c_e13a8a498867,l_auburn-hills-michigan-usa
c_e4bb5fc8ff7b,l_canmore-alberta-canada
c_9ebc0feedd6f,l_chilliwack-british-columbia-canada
c_4d92802d531a,l_gresham-oregon-usa
c_6c921b11d562,l_livermore-california-usa
c_30f63653d0b4,l_cincinnati-ohio-usa
c_8b1534c996c0,l_fleming-island-florida-usa
c_96431be68474,l_lutz-florida-usa
c_7af4e7486336,l_providence-rhode-island-usa
c_1648cebf873d,l_st-paul-minnesota-usa
c_b4def16f6a79,l_wuhan-hubei-china
c_c13cf7dc8643,l_hengshui-hebei-china
c_2a12c81db7d0,l_hengshui-hebei-china
c_2e22059a03e6,l_wuxi-jiangsu-china
c_0032794705a8,l_tolleson-arizona-usa
c_b24012609cab,l_ramsey-new-jersey-usa
c_5c24dbaf91a7,l_xiamen-fujian-china
c_7324bf9e9955,l_xiamen-fujian-china
c_4d9d97bc416c,l_xiamen-fujian-china
c_0451a0172835,l_xiamen-fujian-china
c_f643a4444931,l_xiamen-fujian-china
c_b3beb64a7f69,l_xiamen-fujian-china
c_458f554806bf,l_xiamen-fujian-china
c_3482f292d57c,l_xiamen-fujian-china
c_fe75d8478a3c,l_hialeah-florida-usa
c_96e602098a42,l_jiangmen-guangdong-china
c_d969402ebc1a,l_yantai-shandong-china
c_ec572bac77e9,l_southington-connecticut-usa
c_5269f3bcdf8e,l_yongkang-zhejiang-china
c_03e12672ed1d,l_jinhua-zhejiang-china
c_114c2231fcbf,l_yongkang-zhejiang-china
c_53bff115778a,l_foshan-guangdong-china
c_b45edc8508e4,l_yuyao-zhejiang-china
c_5b60b6335dfd,l_nan-united-kingdom
c_784af8a3ed47,l_hongkong-hong-kong-china
c_2296cbdb22b6,l_stephansposching-bayern-germany
c_63c50b69d67f,l_hampton-new-hampshire-usa
c_8e19a1c58dbf,l_lake-worth-beach-florida-usa
c_4c7f61478c2d,l_zhaoqing-guangdong-china
c_7940a8093fcc,l_huzhou-zhejiang-china
c_3a810704a801,l_yuyao-zhejiang-china
c_8f1d48d06ee5,l_taizhou-zhejiang-china
c_afe703f16e96,l_yongkang-zhejiang-china
c_b87ed43a8e26,l_quzhou-zhejiang-china
c_8b9109c1ddf7,l_haining-zhejiang-china
c_48d089998d8c,l_jiaxing-zhejiang-china
c_38dec075d8df,l_houzhou-zhejiang-china
c_3503974cfa3b,l_jinhua-zhejiang-china
c_039570045143,l_jiangshan-zhejiang-china
c_b47f323838ef,l_haining-zhejiang-china
c_f03a3da580cb,l_hangzhou-zhejiang-china
c_603e13a48176,l_quzhou-zhejiang-china
c_3c318d7d68f3,l_hangzhou-zhejiang-china
c_ad5698701847,l_jinhua-zhejiang-china
c_0b844f80146f,l_zhengzhou-henan-china
c_28b10d336897,l_zhongshan-guangdong-china
c_75cccf52518e,l_zhongshan-guangdong-china
c_55fadc60901d,l_zhongshan-guangdong-china
c_715d56392ae3,l_arlington-massachusetts-usa
c_ea1a560dc70f,l_newport-beach-california-usa
c_2662251c3a3e,l_randolph-new-jersey-usa
c_68dad4e3b89e,l_calgary-alberta-canada
c_54759deda7bb,l_little-elm-texas-usa
c_ba60f547c5f6,l_jiaxing-zhejiang-china
c_ad3b6b022ab9,l_milwaukee-wisconsin-usa
c_37fe0e3d5bad,l_vaughan-ontario-canada
