company_id,tag_id
c_5e0c241f9d9e,t_finance-insurance
c_9c573f8700a3,t_finance-insurance
c_cc06c46d3eb1,t_ai
c_3e809d337887,t_plumbing
c_59b36cc4f136,t_interior
c_2cdb151d8438,t_plumbing
c_2cdb151d8438,t_smart-home
c_2cdb151d8438,t_interior
c_3dce52630441,t_interior
c_05361b5576ca,t_panel
c_05361b5576ca,t_land-mapping
c_7b3d5d5a8d5b,t_interior
c_ac0e0b78b935,t_software
c_ac0e0b78b935,t_ai
c_ac0e0b78b935,t_land-mapping
c_d5b0e6b7fb78,t_modular
c_d5b0e6b7fb78,t_outdoor
c_1ce7eae261db,t_windows
c_1ce7eae261db,t_doors
c_1ce7eae261db,t_outdoor
c_76d080afbf2a,t_interior
c_e91db6433427,t_software
c_e91db6433427,t_ai
c_feb1b3bd816d,t_interior
c_00cef394e044,t_software
c_00cef394e044,t_ai
c_00cef394e044,t_finance-insurance
c_d37bd4f282b7,t_panel
c_d37bd4f282b7,t_insulation
c_d37bd4f282b7,t_smart-home
c_8812b6020613,t_wood
c_8812b6020613,t_hvac
c_ba9085bb36db,t_concrete
c_33186f299e6b,t_stone
c_33186f299e6b,t_software
c_33186f299e6b,t_interior
c_97f5f902812e,t_wood
c_5f766def78dc,t_interior
c_d8f12e9c1ffb,t_modular
c_d8f12e9c1ffb,t_outdoor
c_5b1f3741b12f,t_outdoor
c_0830eb1dd950,t_modular
c_0830eb1dd950,t_outdoor
c_c3db54e3ed7e,t_insulation
c_15a5c4602042,t_panel
c_15a5c4602042,t_windows
c_15a5c4602042,t_doors
c_15a5c4602042,t_roofing
c_4dde71320465,t_finance-insurance
c_7b8e69892806,t_software
c_7b8e69892806,t_ai
c_7b8e69892806,t_land-mapping
c_90caf0eb2fb5,t_wood
c_90caf0eb2fb5,t_interior
c_575f8361e575,t_finance-insurance
c_e00e480294ee,t_doors
c_e00e480294ee,t_interior
c_c0fa577307aa,t_interior
c_84aa540796a7,t_wood
c_038982b90145,t_modular
c_038982b90145,t_steel
c_038982b90145,t_wood
c_038982b90145,t_windows
c_038982b90145,t_outdoor
c_5e4c37880326,t_stone
c_5e4c37880326,t_insulation
c_5e4c37880326,t_interior
c_5e4c37880326,t_outdoor
c_a76bbddd102d,t_modular
c_a76bbddd102d,t_windows
c_a76bbddd102d,t_outdoor
c_7b24fff9c308,t_wood
c_7b24fff9c308,t_interior
c_7b24fff9c308,t_outdoor
c_890638c4d072,t_interior
c_d5846a9f313c,t_wood
c_d5846a9f313c,t_doors
c_d5846a9f313c,t_interior
c_3eddc8e5d98a,t_interior
c_c0a49b4e9384,t_roofing
c_5ed32c626f55,t_concrete
c_ffc03a1adce6,t_steel
c_ffc03a1adce6,t_concrete
c_2e444757d991,t_finance-insurance
c_9c9a60b32ae0,t_modular
c_9c9a60b32ae0,t_stone
c_9c9a60b32ae0,t_outdoor
c_34defa479ae5,t_interior
c_7892a45607cb,t_stone
c_db3649c9d111,t_windows
c_db3649c9d111,t_doors
c_c81ea5e97b97,t_panel
c_c81ea5e97b97,t_interior
c_4d1572324610,t_windows
c_4d1572324610,t_doors
c_32adfdae6116,t_interior
c_35450834ca97,t_software
c_35450834ca97,t_ai
c_e24b1a10461a,t_interior
c_9e6f6d7c0628,t_modular
c_9e6f6d7c0628,t_outdoor
c_c7e751bfce8e,t_plumbing
c_c7e751bfce8e,t_outdoor
c_ed5529483c79,t_interior
c_55351eb97505,t_wood
c_55351eb97505,t_panel
c_acf432865ac2,t_modular
c_acf432865ac2,t_steel
c_acf432865ac2,t_wood
c_acf432865ac2,t_panel
c_acf432865ac2,t_software
c_ca55c8568982,t_plumbing
c_8ea4a2606738,t_stone
c_4940c22ec53f,t_security
c_c15a691a5fbc,t_steel
c_c15a691a5fbc,t_software
c_03eae29d0b23,t_plumbing
c_5fa258d418e7,t_concrete
c_5fa258d418e7,t_outdoor
c_ab857d397a3e,t_software
c_ab857d397a3e,t_interior
c_d2ef351252fb,t_interior
c_c7d557c84987,t_panel
c_2a0f81d9a533,t_interior
c_e84d629c1db5,t_interior
c_510171c67736,t_windows
c_510171c67736,t_doors
c_4dc074f27306,t_interior
c_c1c82d0bb0fd,t_security
c_c1c82d0bb0fd,t_finance-insurance
c_4ce0534f1ab9,t_modular
c_4ce0534f1ab9,t_outdoor
c_8f225906e25b,t_hvac
c_8f225906e25b,t_roofing
c_8f225906e25b,t_insulation
c_1ab2ad5f8c43,t_interior
c_bf1ce3ff18a8,t_hvac
c_bf1ce3ff18a8,t_smart-home
c_61d4cbcf0a65,t_interior
c_06f8338a383d,t_prefabrication
c_06f8338a383d,t_steel
c_06f8338a383d,t_panel
c_06f8338a383d,t_insulation
c_06f8338a383d,t_concrete
c_06f8338a383d,t_interior
c_d47571191eec,t_prefabrication
c_7fb070c050fb,t_modular
c_7fb070c050fb,t_smart-home
c_7fb070c050fb,t_outdoor
c_ec7e750bbbb8,t_modular
c_ec7e750bbbb8,t_outdoor
c_0fb43e580443,t_steel
c_0fb43e580443,t_wood
c_f7556a3a5397,t_doors
c_54aab7ba34b1,t_roofing
c_57f064a79f03,t_software
c_57f064a79f03,t_ai
c_878a09c78386,t_wood
c_f1facd5328ce,t_wood
c_f1facd5328ce,t_stone
c_f1facd5328ce,t_panel
c_7b2fad1e3734,t_modular
c_7b2fad1e3734,t_outdoor
c_267ae7ceb0f7,t_roofing
c_7d6fb722bcce,t_wood
c_21ba70bbf21d,t_ai
c_21ba70bbf21d,t_finance-insurance
c_f4c7ff5207cf,t_smart-home
c_a0af78c9dfc5,t_windows
c_e4a4cccfede3,t_interior
c_4a531ebc7b2f,t_stone
c_4a531ebc7b2f,t_panel
c_b2d2d71eeec3,t_windows
c_b284d59a48b3,t_smart-home
c_b284d59a48b3,t_finance-insurance
c_2a89727d1d61,t_interior
c_4e85476d2024,t_wood
c_4e85476d2024,t_finance-insurance
c_7ac09ef78b57,t_wood
c_7ac09ef78b57,t_panel
c_7ac09ef78b57,t_interior
c_6ac3e51aa86b,t_plumbing
c_6ac3e51aa86b,t_doors
c_6ac3e51aa86b,t_interior
c_ab778efae5e8,t_modular
c_ab778efae5e8,t_outdoor
c_d79ee1be616d,t_software
c_99a9525a79bd,t_interior
c_b428df98f9d7,t_wood
c_cc2379187555,t_hvac
c_cc2379187555,t_windows
c_cc2379187555,t_doors
c_f5da2a06183e,t_modular
c_f5da2a06183e,t_wood
c_f5da2a06183e,t_outdoor
c_f22325710992,t_wood
c_f22325710992,t_hvac
c_f22325710992,t_interior
c_c6798f8581fb,t_interior
c_c03b986bb10e,t_interior
c_4afa6c5979f0,t_modular
c_4afa6c5979f0,t_outdoor
c_8b96197e7e21,t_interior
c_ddad5430abee,t_wood
c_ddad5430abee,t_software
c_94ae919c10ac,t_steel
c_94ae919c10ac,t_windows
c_c7dbead0bfab,t_modular
c_c7dbead0bfab,t_outdoor
c_abf66e0be5aa,t_modular
c_abf66e0be5aa,t_outdoor
c_02e115d9f5c2,t_steel
c_884700f9f1b6,t_wood
c_04b9d9a3c59a,t_hvac
c_04b9d9a3c59a,t_plumbing
c_04b9d9a3c59a,t_software
c_04b9d9a3c59a,t_ai
c_04b9d9a3c59a,t_finance-insurance
c_04b9d9a3c59a,t_interior
c_78dd27115e8c,t_steel
c_78dd27115e8c,t_wood
c_78dd27115e8c,t_roofing
c_78dd27115e8c,t_concrete
c_b3a18871d945,t_software
c_fb3593a3c2d4,t_modular
c_fb3593a3c2d4,t_outdoor
c_3a95465ea3c1,t_roofing
c_17a22bda4bee,t_modular
c_17a22bda4bee,t_outdoor
c_2905c173ab22,t_modular
c_2905c173ab22,t_outdoor
c_269545e2bffb,t_modular
c_269545e2bffb,t_hvac
c_269545e2bffb,t_outdoor
c_79c2d3e4369c,t_modular
c_79c2d3e4369c,t_outdoor
c_be92a36d5420,t_modular
c_be92a36d5420,t_outdoor
c_74a058b8add7,t_software
c_74a058b8add7,t_ai
c_74a058b8add7,t_finance-insurance
c_4e3eac049a3c,t_finance-insurance
c_0f5ef587cba0,t_smart-home
c_061792398f0d,t_software
c_b5b5f8572ca8,t_software
c_b5b5f8572ca8,t_ai
c_b5b5f8572ca8,t_finance-insurance
c_cbd513e76f0e,t_interior
c_0761a5e4c8d6,t_software
c_0761a5e4c8d6,t_finance-insurance
c_0761a5e4c8d6,t_interior
c_261d93b85eb9,t_smart-home
c_261d93b85eb9,t_software
c_261d93b85eb9,t_ai
c_9d7935827231,t_interior
c_67dcad585a1e,t_interior
c_7d26b0d7698e,t_modular
c_7d26b0d7698e,t_railing
c_7d26b0d7698e,t_outdoor
c_2171635cf976,t_modular
c_2171635cf976,t_outdoor
c_413ebbaf7c89,t_doors
c_b8c126d7d39e,t_interior
c_4b8a8a95f573,t_interior
c_181b3b4cba68,t_hvac
c_181b3b4cba68,t_plumbing
c_181b3b4cba68,t_finance-insurance
c_a391f582ae15,t_interior
c_b736347c0cb7,t_interior
c_1a08d001ce4b,t_wood
c_1a08d001ce4b,t_interior
c_232fba7fa6be,t_interior
c_5d1cc00e7307,t_software
c_5d1cc00e7307,t_ai
c_cf41b1d1ff61,t_finance-insurance
c_a33a3dc431b8,t_finance-insurance
c_c5157d05aa47,t_wood
c_584c98524faf,t_hvac
c_584c98524faf,t_smart-home
c_f16975d8f1ea,t_modular
c_f16975d8f1ea,t_outdoor
c_6600c17e94f2,t_modular
c_6600c17e94f2,t_outdoor
c_07050e91b393,t_modular
c_07050e91b393,t_outdoor
c_a3d1c7014221,t_interior
c_67409830783e,t_railing
c_08df37fccff2,t_steel
c_08df37fccff2,t_wood
c_08df37fccff2,t_insulation
c_08df37fccff2,t_fireplace
c_08df37fccff2,t_interior
c_2baba7df3456,t_wood
c_2baba7df3456,t_panel
c_2baba7df3456,t_windows
c_2baba7df3456,t_interior
c_2baba7df3456,t_outdoor
c_5f232c44178c,t_modular
c_5f232c44178c,t_outdoor
c_267e3fdc92c9,t_panel
c_267e3fdc92c9,t_interior
c_91b0f9d5f39b,t_interior
c_f9ed3ffa2e15,t_interior
c_6a210f611bd3,t_software
c_6a210f611bd3,t_finance-insurance
c_e38ffd4889bf,t_modular
c_e38ffd4889bf,t_windows
c_e38ffd4889bf,t_outdoor
c_ce5ebba62783,t_software
c_ce5ebba62783,t_interior
c_698b6c1c25b1,t_wood
c_698b6c1c25b1,t_doors
c_698b6c1c25b1,t_smart-home
c_698b6c1c25b1,t_interior
c_b9f8cebc1456,t_doors
c_4feb7ada765a,t_stone
c_4feb7ada765a,t_stair
c_4feb7ada765a,t_concrete
c_136f7e760760,t_interior
c_995f1645e782,t_modular
c_995f1645e782,t_steel
c_995f1645e782,t_wood
c_995f1645e782,t_railing
c_995f1645e782,t_panel
c_995f1645e782,t_outdoor
c_0b04a8ca8a95,t_wood
c_0b04a8ca8a95,t_windows
c_0b04a8ca8a95,t_doors
c_0b04a8ca8a95,t_roofing
c_0b04a8ca8a95,t_concrete
c_e63c741d8256,t_steel
c_e63c741d8256,t_doors
c_0695aa2723ea,t_interior
c_606c271ba8ee,t_software
c_606c271ba8ee,t_ai
c_606c271ba8ee,t_interior
c_5a045796e072,t_doors
c_5a045796e072,t_smart-home
c_5a045796e072,t_interior
c_fdf30b16397a,t_windows
c_fdf30b16397a,t_doors
c_fdf30b16397a,t_interior
c_099876c3fc24,t_modular
c_099876c3fc24,t_software
c_099876c3fc24,t_finance-insurance
c_9a521f1f0e2c,t_modular
c_9a521f1f0e2c,t_outdoor
c_b2ae63c714f6,t_interior
c_0933a3717434,t_doors
c_0933a3717434,t_interior
c_eee4a08dee9a,t_software
c_06c1c9ca3645,t_finance-insurance
c_b0e752886df4,t_software
c_b0e752886df4,t_finance-insurance
c_b0e752886df4,t_land-mapping
c_b30aa4d9de2b,t_interior
c_49e0465a0e35,t_software
c_49e0465a0e35,t_finance-insurance
c_759df8982248,t_interior
c_c3f73898fe03,t_interior
c_3604f68ac44f,t_windows
c_3604f68ac44f,t_doors
c_3604f68ac44f,t_interior
c_21c34168b37e,t_plumbing
c_0f22e25edcf2,t_concrete
c_3d915ab01565,t_modular
c_3d915ab01565,t_outdoor
c_d545ba82c1fc,t_modular
c_d545ba82c1fc,t_outdoor
c_80f80160d27f,t_modular
c_80f80160d27f,t_outdoor
c_17a43ae89a5d,t_interior
c_0b34bd8aea1a,t_software
c_0b34bd8aea1a,t_ai
c_f30d22318978,t_interior
c_a553b469f416,t_steel
c_a553b469f416,t_hvac
c_a553b469f416,t_windows
c_a553b469f416,t_doors
c_a553b469f416,t_interior
c_01c410590362,t_stair
c_01c410590362,t_panel
c_fc03b1170c53,t_interior
c_4c9a8e7cd6bf,t_steel
c_4e6b38db16d2,t_modular
c_4e6b38db16d2,t_outdoor
c_4873fa791410,t_modular
c_4873fa791410,t_outdoor
c_03982fda917a,t_smart-home
c_03982fda917a,t_interior
c_9529524e9b4a,t_plumbing
c_2851ba62fea3,t_modular
c_2851ba62fea3,t_outdoor
c_e47fe6aa89b6,t_modular
c_e47fe6aa89b6,t_outdoor
c_72e2decdf869,t_interior
c_3fd0a6a743d5,t_steel
c_3fd0a6a743d5,t_wood
c_3fd0a6a743d5,t_panel
c_3fd0a6a743d5,t_doors
c_3fd0a6a743d5,t_interior
c_2ac53e8cccf9,t_windows
c_2ac53e8cccf9,t_doors
c_519f1d0e8d97,t_panel
c_519f1d0e8d97,t_insulation
c_936af492a31f,t_modular
c_936af492a31f,t_railing
c_936af492a31f,t_outdoor
c_ec10fd8bbb49,t_hvac
c_ec10fd8bbb49,t_interior
c_c1f696d5aabe,t_interior
c_a7692ea3f38b,t_modular
c_a7692ea3f38b,t_outdoor
c_ba5dfd87b45d,t_modular
c_cb549016cdf0,t_modular
c_cb549016cdf0,t_outdoor
c_30eb99a07d0e,t_smart-home
c_30eb99a07d0e,t_software
c_30eb99a07d0e,t_ai
c_30eb99a07d0e,t_finance-insurance
c_93f63b259d40,t_hvac
c_93f63b259d40,t_interior
c_b15ff3b998b4,t_software
c_89ce1002ff98,t_modular
c_89ce1002ff98,t_finance-insurance
c_89ce1002ff98,t_outdoor
c_fe0a7ac1d17d,t_finance-insurance
c_8b90c88328a7,t_panel
c_8b90c88328a7,t_doors
c_8b90c88328a7,t_interior
c_628a84e7f0e9,t_ai
c_674310d5f016,t_steel
c_b7807a36f6ee,t_windows
c_b7807a36f6ee,t_doors
c_9361ba121d30,t_steel
c_9361ba121d30,t_stair
c_9361ba121d30,t_railing
c_9361ba121d30,t_windows
c_9361ba121d30,t_doors
c_9361ba121d30,t_finance-insurance
c_9361ba121d30,t_interior
c_8fbd408438b0,t_ai
c_8fbd408438b0,t_interior
c_0bdb9e70fbef,t_interior
c_75b63e6bf64f,t_doors
c_75b63e6bf64f,t_interior
c_a19fc7e74660,t_outdoor
c_dea3ad9f7cfe,t_interior
c_3f750eca139a,t_modular
c_3f750eca139a,t_outdoor
c_f6821b030f90,t_interior
c_93a42da0b8e0,t_doors
c_24b43929f78b,t_modular
c_24b43929f78b,t_outdoor
c_7ff4efa151dd,t_modular
c_7ff4efa151dd,t_outdoor
c_dfaf90022932,t_interior
c_4d03b66ca45c,t_interior
c_8008297878de,t_panel
c_8008297878de,t_roofing
c_8008297878de,t_interior
c_3dce9a5a3875,t_software
c_bc59ca2c63d5,t_windows
c_bc59ca2c63d5,t_doors
c_bc59ca2c63d5,t_smart-home
c_bc59ca2c63d5,t_software
c_bc59ca2c63d5,t_ai
c_bc59ca2c63d5,t_finance-insurance
c_bc59ca2c63d5,t_land-mapping
c_34854223305c,t_plumbing
c_34854223305c,t_interior
c_af9fe89afbab,t_modular
c_af9fe89afbab,t_outdoor
c_4e134b50ff9b,t_modular
c_4e134b50ff9b,t_outdoor
c_519810674697,t_roofing
c_519810674697,t_concrete
c_519810674697,t_finance-insurance
c_940a5f69c9bf,t_stone
c_239bac7a19a8,t_wood
c_239bac7a19a8,t_interior
c_2be2fc7bb6f4,t_interior
c_5a30016aa669,t_fireplace
c_5a30016aa669,t_interior
c_467875caf437,t_modular
c_467875caf437,t_hvac
c_467875caf437,t_smart-home
c_201296286c28,t_panel
c_e1fcac845958,t_interior
c_c6454981de67,t_steel
c_c6454981de67,t_stone
c_c6454981de67,t_interior
c_001038d4244c,t_land-mapping
c_2c5aed6b86be,t_hvac
c_2c5aed6b86be,t_plumbing
c_2c5aed6b86be,t_interior
c_f30cf003d25e,t_smart-home
c_f30cf003d25e,t_interior
c_fe5683bdd2d7,t_interior
c_af58f0a7ba66,t_land-mapping
c_0fb6a5ff0059,t_wood
c_07aa963b31d0,t_modular
c_07aa963b31d0,t_outdoor
c_e12be8280be9,t_wood
c_e12be8280be9,t_doors
c_9ba28a8e47f7,t_insulation
c_4e3bf3c423a2,t_interior
c_fd7f9a1b879b,t_doors
c_fd7f9a1b879b,t_interior
c_b675ad69ee76,t_steel
c_b675ad69ee76,t_railing
c_b675ad69ee76,t_windows
c_b675ad69ee76,t_doors
c_36e129759698,t_modular
c_36e129759698,t_outdoor
c_b28533be2b76,t_interior
c_2b1bdb0ae5da,t_interior
c_11b941e83c91,t_panel
c_11b941e83c91,t_interior
c_68dc775a5040,t_windows
c_68dc775a5040,t_doors
c_68dc775a5040,t_outdoor
c_7c72fca0fb97,t_modular
c_7c72fca0fb97,t_outdoor
c_e4e548e1b3a5,t_interior
c_fa95131a82d1,t_interior
c_082db40f0532,t_modular
c_082db40f0532,t_outdoor
c_e03495a53f00,t_windows
c_e03495a53f00,t_doors
c_e03495a53f00,t_finance-insurance
c_558cdc33febf,t_stone
c_92add25af0f8,t_modular
c_92add25af0f8,t_outdoor
c_e9ecbf732563,t_roofing
c_e9ecbf732563,t_finance-insurance
c_723209c472aa,t_modular
c_723209c472aa,t_outdoor
c_8afeee97d61a,t_modular
c_8afeee97d61a,t_wood
c_8afeee97d61a,t_outdoor
c_d7eaa1deae0a,t_panel
c_d7eaa1deae0a,t_doors
c_d7eaa1deae0a,t_concrete
c_d7eaa1deae0a,t_interior
c_6dc69ee2f2cc,t_interior
c_be00a7767fa6,t_plumbing
c_c1cb97eb1ebd,t_steel
c_c1cb97eb1ebd,t_railing
c_c1cb97eb1ebd,t_outdoor
c_9ccca2529248,t_steel
c_9ccca2529248,t_hvac
c_9ccca2529248,t_insulation
c_9ccca2529248,t_interior
c_9ccca2529248,t_outdoor
c_49764e1c78ca,t_wood
c_49764e1c78ca,t_panel
c_49764e1c78ca,t_insulation
c_f0e979f28cbd,t_modular
c_f0e979f28cbd,t_wood
c_f0e979f28cbd,t_railing
c_f0e979f28cbd,t_interior
c_f0e979f28cbd,t_outdoor
c_c9e519d5a22a,t_interior
c_92df7f19f365,t_modular
c_92df7f19f365,t_outdoor
c_80bc5c63c534,t_finance-insurance
c_094089efcaca,t_fireplace
c_094089efcaca,t_interior
c_5676818f871a,t_finance-insurance
c_be9a452a9bf3,t_interior
c_63ad5e3a9599,t_fireplace
c_63ad5e3a9599,t_smart-home
c_63ad5e3a9599,t_interior
c_63ad5e3a9599,t_outdoor
c_a33a07d2feb2,t_interior
c_eb826ba11f65,t_modular
c_eb826ba11f65,t_fireplace
c_eb826ba11f65,t_outdoor
c_f93e567953d1,t_interior
c_2d870e00b6ee,t_wood
c_2d870e00b6ee,t_stone
c_ee87bdfb84f0,t_modular
c_ee87bdfb84f0,t_security
c_ee87bdfb84f0,t_finance-insurance
c_ee87bdfb84f0,t_outdoor
c_a1129c2023e3,t_windows
c_a1129c2023e3,t_doors
c_e621dcd29c83,t_doors
c_5e1ad8248854,t_doors
c_322b032344da,t_stone
c_322b032344da,t_insulation
c_50d986db312b,t_interior
c_0d7e41ad3404,t_modular
c_0d7e41ad3404,t_outdoor
c_1f29d7aa928e,t_modular
c_1f29d7aa928e,t_steel
c_1f29d7aa928e,t_outdoor
c_a2f014bd747d,t_steel
c_a2f014bd747d,t_windows
c_a2f014bd747d,t_doors
c_7972d5ccc1ab,t_interior
c_68251150e1ff,t_steel
c_68251150e1ff,t_railing
c_68251150e1ff,t_panel
c_68251150e1ff,t_doors
c_cad839853b78,t_windows
c_cad839853b78,t_doors
c_250d32dd7756,t_steel
c_250d32dd7756,t_windows
c_250d32dd7756,t_doors
c_8b40e937c9cb,t_wood
c_64dde96cf80d,t_interior
c_f936d8d2551e,t_wood
c_f936d8d2551e,t_windows
c_f936d8d2551e,t_doors
c_fd467c38861c,t_windows
c_fd467c38861c,t_doors
c_5d81b69a9f1c,t_smart-home
c_5d81b69a9f1c,t_interior
c_fb4bffecf1e4,t_modular
c_fb4bffecf1e4,t_prefabrication
c_fb4bffecf1e4,t_outdoor
c_8cb99a45377c,t_modular
c_8cb99a45377c,t_roofing
c_8cb99a45377c,t_smart-home
c_8cb99a45377c,t_outdoor
c_7ec29f6d12c6,t_interior
c_8a1cde001bfb,t_software
c_8a1cde001bfb,t_ai
c_7d80a70a6c81,t_modular
c_7d80a70a6c81,t_outdoor
c_fcacd8e1be20,t_interior
c_3cc545861e4f,t_interior
c_35aefdd576b4,t_modular
c_35aefdd576b4,t_outdoor
c_8be343f17bc9,t_modular
c_8be343f17bc9,t_software
c_8be343f17bc9,t_outdoor
c_0d4d660eeddf,t_modular
c_0d4d660eeddf,t_outdoor
c_4b70e6aedd73,t_software
c_4b70e6aedd73,t_ai
c_4b70e6aedd73,t_land-mapping
c_ce5bdc37463b,t_interior
c_3cdd2f3baec4,t_wood
c_6ff111f9b3f7,t_steel
c_6ff111f9b3f7,t_plumbing
c_6ff111f9b3f7,t_interior
c_5b3c87f51523,t_interior
c_8348af944e17,t_interior
c_9f19a69cdbd0,t_windows
c_b5e4dd5fd600,t_interior
c_dc3d76c73ddb,t_stone
c_dc3d76c73ddb,t_roofing
c_dc3d76c73ddb,t_concrete
c_dc3d76c73ddb,t_outdoor
c_56c6f14fafa8,t_modular
c_56c6f14fafa8,t_finance-insurance
c_56c6f14fafa8,t_outdoor
c_8cf39ce92824,t_smart-home
c_8cf39ce92824,t_software
c_8cf39ce92824,t_interior
c_f1437bda7bae,t_interior
c_3526e812eb38,t_steel
c_3526e812eb38,t_doors
c_09cd51217cdf,t_steel
c_09cd51217cdf,t_doors
c_ab69dd71c5e7,t_software
c_fa000c24e755,t_interior
c_7704409d46a1,t_interior
c_0db179f05c63,t_interior
c_13c623cf1199,t_interior
c_a3568de98ebd,t_interior
c_4f8778edc3b2,t_windows
c_4f8778edc3b2,t_doors
c_fd9c40c0a5b9,t_stone
c_fd9c40c0a5b9,t_roofing
c_fd9c40c0a5b9,t_finance-insurance
c_049cd6ec05ae,t_wood
c_049cd6ec05ae,t_doors
c_049cd6ec05ae,t_interior
c_532fc7dff667,t_security
c_532fc7dff667,t_smart-home
c_b548e56f1765,t_windows
c_b548e56f1765,t_doors
c_b548e56f1765,t_software
c_b548e56f1765,t_interior
c_fa34af550660,t_doors
c_fa34af550660,t_interior
c_46429637a476,t_plumbing
c_46429637a476,t_smart-home
c_46429637a476,t_interior
c_93c872d663d5,t_plumbing
c_93c872d663d5,t_interior
c_bd145167a9a7,t_interior
c_6b0e8faaa302,t_interior
c_e74fb51baf4f,t_stone
c_f61bb75f08f8,t_railing
c_6866dc472fd0,t_steel
c_6866dc472fd0,t_wood
c_6866dc472fd0,t_railing
c_6866dc472fd0,t_windows
c_6866dc472fd0,t_doors
c_6866dc472fd0,t_interior
c_0eb879957f07,t_stone
c_1ffb92f1d2d9,t_windows
c_1ffb92f1d2d9,t_doors
c_c6d3a131a416,t_panel
c_c6d3a131a416,t_outdoor
c_32765a6ea9ca,t_interior
c_caa2e546ec14,t_stone
c_96dcd4a624f1,t_steel
c_96dcd4a624f1,t_doors
c_939fc9921996,t_windows
c_939fc9921996,t_doors
c_9695346c1703,t_interior
c_35b27ea28856,t_smart-home
c_35b27ea28856,t_outdoor
c_cff7a14b60b7,t_doors
c_dcb340f31464,t_interior
c_2a33f193f039,t_steel
c_2a33f193f039,t_doors
c_dff40323e14c,t_interior
c_d7c301dbf5bd,t_ai
c_bd6ef5b3536f,t_modular
c_bd6ef5b3536f,t_outdoor
c_99e45b500896,t_wood
c_99e45b500896,t_fireplace
c_99e45b500896,t_interior
c_f3cfdca18ddd,t_modular
c_f3cfdca18ddd,t_outdoor
c_eee3c68cf500,t_modular
c_eee3c68cf500,t_prefabrication
c_c1e52ebe3fc1,t_hvac
c_c1e52ebe3fc1,t_windows
c_c1e52ebe3fc1,t_doors
c_c1e52ebe3fc1,t_insulation
c_6d40b3f3da55,t_windows
c_6d40b3f3da55,t_doors
c_d96829c5480a,t_insulation
c_6696269660ab,t_wood
c_6696269660ab,t_interior
c_17b5acb820ea,t_modular
c_17b5acb820ea,t_outdoor
c_ff653af11035,t_doors
c_271c34f496fa,t_finance-insurance
c_518861d9c663,t_interior
c_f5b3639f2570,t_stone
c_b574007ed057,t_modular
c_b574007ed057,t_steel
c_b574007ed057,t_panel
c_b574007ed057,t_doors
c_b574007ed057,t_insulation
c_b574007ed057,t_security
c_b574007ed057,t_smart-home
c_b574007ed057,t_software
c_b574007ed057,t_outdoor
c_3198bd8b519b,t_software
c_4964e0653b0c,t_wood
c_b35aadd9ebb0,t_wood
c_b35aadd9ebb0,t_hvac
c_b35aadd9ebb0,t_roofing
c_b35aadd9ebb0,t_insulation
c_1becc5117544,t_doors
c_1becc5117544,t_interior
c_17f467f44a25,t_software
c_17f467f44a25,t_finance-insurance
c_d80a1ffd3680,t_roofing
c_d80a1ffd3680,t_outdoor
c_fc9436e17e20,t_smart-home
c_fc9436e17e20,t_software
c_fc9436e17e20,t_ai
c_fc9436e17e20,t_finance-insurance
c_fc9436e17e20,t_land-mapping
c_fc2d3c6da711,t_modular
c_fc2d3c6da711,t_outdoor
c_8dda6b4d2bf5,t_interior
c_77e898d60dc2,t_wood
c_77e898d60dc2,t_finance-insurance
c_77e898d60dc2,t_interior
c_156b56db6609,t_windows
c_4765cee483d7,t_doors
c_eb65c158acc4,t_software
c_eb65c158acc4,t_ai
c_eb65c158acc4,t_finance-insurance
c_0e7e208159b0,t_steel
c_adf71e912844,t_interior
c_82b3779aa4c1,t_panel
c_e885c460bcc3,t_software
c_e885c460bcc3,t_outdoor
c_453ee0bea1bd,t_wood
c_453ee0bea1bd,t_stone
c_453ee0bea1bd,t_interior
c_1aa9a881773d,t_plumbing
c_eab9bb6ac5db,t_interior
c_fc210deb62f1,t_wood
c_fc210deb62f1,t_panel
c_fc210deb62f1,t_doors
c_fc210deb62f1,t_interior
c_99087117e677,t_modular
c_99087117e677,t_outdoor
c_006e6ed34748,t_software
c_e91ca1012e9a,t_plumbing
c_2911d001aa2c,t_interior
c_bfcb24ce8f70,t_interior
c_d3311d2ab26f,t_modular
c_d3311d2ab26f,t_steel
c_d3311d2ab26f,t_railing
c_d3311d2ab26f,t_hvac
c_d3311d2ab26f,t_fireplace
c_d3311d2ab26f,t_outdoor
c_32478f9bb63f,t_interior
c_0b368b93ed5f,t_modular
c_0b368b93ed5f,t_outdoor
c_c89e8b644188,t_modular
c_c89e8b644188,t_outdoor
c_ef82be7ccb62,t_panel
c_ef82be7ccb62,t_interior
c_90b6ce6095e0,t_steel
c_90b6ce6095e0,t_hvac
c_90b6ce6095e0,t_insulation
c_90b6ce6095e0,t_smart-home
c_fc3197933418,t_doors
c_fc3197933418,t_smart-home
c_8619199723da,t_wood
c_8619199723da,t_panel
c_8619199723da,t_insulation
c_8619199723da,t_interior
c_9ead8eab3f15,t_interior
c_82809d1743a4,t_stone
c_82809d1743a4,t_roofing
c_82809d1743a4,t_interior
c_5fce89cd701d,t_modular
c_5fce89cd701d,t_steel
c_5fce89cd701d,t_stair
c_5fce89cd701d,t_interior
c_76bff575c27c,t_interior
c_9e969c424423,t_modular
c_9e969c424423,t_software
c_9e969c424423,t_outdoor
c_dc2e3057908f,t_interior
c_7af7e95be4de,t_insulation
c_542c2063818d,t_steel
c_542c2063818d,t_wood
c_542c2063818d,t_concrete
c_542c2063818d,t_interior
c_021f05966a87,t_plumbing
c_021f05966a87,t_interior
c_d832e891bd83,t_software
c_d832e891bd83,t_finance-insurance
c_83e1586fae39,t_wood
c_eebe274371d3,t_security
c_eebe274371d3,t_smart-home
c_eebe274371d3,t_interior
c_895c0afc6b03,t_interior
c_c4e79b1151b8,t_steel
c_e17fd752a20e,t_steel
c_e17fd752a20e,t_stone
c_e17fd752a20e,t_stair
c_35a1d2edf72f,t_panel
c_35a1d2edf72f,t_smart-home
c_35a1d2edf72f,t_interior
c_e21750343e8a,t_stair
c_e51486fb4192,t_interior
c_c0efb9928471,t_interior
c_99ae0c8933f9,t_panel
c_949df638440c,t_interior
c_be5d368323fd,t_stone
c_be5d368323fd,t_panel
c_be5d368323fd,t_interior
c_ed401e0edcce,t_modular
c_ed401e0edcce,t_railing
c_ed401e0edcce,t_outdoor
c_c5459d26037b,t_interior
c_c77b960955f6,t_smart-home
c_c77b960955f6,t_software
c_c77b960955f6,t_finance-insurance
c_b6eb19291100,t_hvac
c_426fca314270,t_plumbing
c_c22ae733cfac,t_modular
c_c22ae733cfac,t_outdoor
c_0fcb1b0407da,t_hvac
c_0fcb1b0407da,t_roofing
c_0fcb1b0407da,t_insulation
c_ce1ee88770f4,t_interior
c_e1a70215c191,t_wood
c_e1a70215c191,t_windows
c_e1a70215c191,t_doors
c_e1a70215c191,t_insulation
c_5fca1395017c,t_interior
c_911cb75fa528,t_insulation
c_404a60e89e43,t_software
c_404a60e89e43,t_ai
c_6ee9398713d2,t_panel
c_4cbae1b36e9e,t_interior
c_e139cc33d7a7,t_modular
c_e139cc33d7a7,t_outdoor
c_d191314d2c39,t_steel
c_d191314d2c39,t_insulation
c_d191314d2c39,t_interior
c_a7b5b12b48a4,t_wood
c_a7b5b12b48a4,t_panel
c_a7b5b12b48a4,t_interior
c_d56a0c803092,t_doors
c_d56a0c803092,t_interior
c_4e2d2c2b9289,t_land-mapping
c_e47b5a438afd,t_doors
c_4ef2bbcb7052,t_modular
c_4ef2bbcb7052,t_outdoor
c_922270b5e05d,t_ai
c_418933b7961c,t_interior
c_0f9a76a22c2c,t_interior
c_2e7ec997ac83,t_smart-home
c_2e7ec997ac83,t_interior
c_0067bae1eee9,t_hvac
c_0067bae1eee9,t_plumbing
c_0067bae1eee9,t_smart-home
c_0067bae1eee9,t_software
c_75a7b4331ea4,t_wood
c_75a7b4331ea4,t_fireplace
c_75a7b4331ea4,t_interior
c_02f30b3cc8f0,t_modular
c_02f30b3cc8f0,t_smart-home
c_02f30b3cc8f0,t_interior
c_02f30b3cc8f0,t_outdoor
c_c2f60a64e6ba,t_interior
c_c2575ac02a1d,t_insulation
c_2799fcef5f0a,t_interior
c_93c4e543a58b,t_software
c_93c4e543a58b,t_land-mapping
c_750c5cf3b265,t_modular
c_750c5cf3b265,t_outdoor
c_1aeb775ca764,t_modular
c_1aeb775ca764,t_outdoor
c_9894eac8ea53,t_windows
c_9894eac8ea53,t_doors
c_9894eac8ea53,t_outdoor
c_f1a4a678a38b,t_hvac
c_b70a39f33887,t_interior
c_5f15044b2fe7,t_steel
c_59d0f4f6ac02,t_modular
c_59d0f4f6ac02,t_outdoor
c_932eacd4b84d,t_modular
c_932eacd4b84d,t_roofing
c_932eacd4b84d,t_outdoor
c_e7350056ea22,t_wood
c_e7350056ea22,t_panel
c_e7350056ea22,t_outdoor
c_bdc102a2513f,t_modular
c_bdc102a2513f,t_outdoor
c_919f0748a126,t_smart-home
c_919f0748a126,t_interior
c_0c46cafa3178,t_software
c_0c46cafa3178,t_ai
c_0c46cafa3178,t_finance-insurance
c_c570cf10101c,t_windows
c_c570cf10101c,t_doors
c_0c5d9986ff9d,t_modular
c_0c5d9986ff9d,t_outdoor
c_8d00cce58830,t_wood
c_8d00cce58830,t_interior
c_373a802ba4f0,t_interior
c_762b91ff4858,t_interior
c_8f609958dc72,t_interior
c_da8992535952,t_interior
c_45e8ae7277ac,t_windows
c_45e8ae7277ac,t_doors
c_30268696cc21,t_doors
c_30268696cc21,t_interior
c_2b971c4cb4f4,t_windows
c_2b971c4cb4f4,t_doors
c_2b971c4cb4f4,t_security
c_e9c5f9c056ce,t_interior
c_afa700f0a5f5,t_modular
c_afa700f0a5f5,t_security
c_afa700f0a5f5,t_finance-insurance
c_afa700f0a5f5,t_outdoor
c_bd8074c9dac9,t_modular
c_bd8074c9dac9,t_railing
c_bd8074c9dac9,t_outdoor
c_0ce3e0143f5e,t_stair
c_15f4ede2869a,t_interior
c_4acbd5066a75,t_modular
c_4acbd5066a75,t_outdoor
c_032363d2c1a7,t_smart-home
c_032363d2c1a7,t_software
c_032363d2c1a7,t_ai
c_032363d2c1a7,t_finance-insurance
c_032363d2c1a7,t_interior
c_f78ec671f892,t_interior
c_bc9b1ce19bc7,t_interior
c_3ec9f01648b9,t_stone
c_b66fb8ec9ace,t_doors
c_b66fb8ec9ace,t_insulation
c_2ee89e00bee3,t_modular
c_2ee89e00bee3,t_outdoor
c_77b2e022a081,t_modular
c_77b2e022a081,t_prefabrication
c_77b2e022a081,t_steel
c_77b2e022a081,t_wood
c_77b2e022a081,t_panel
c_680a3f3b5d46,t_interior
c_a179e20f5c72,t_wood
c_6f26dfa19d8b,t_security
c_6f26dfa19d8b,t_interior
c_abd77cad33a1,t_modular
c_abd77cad33a1,t_wood
c_abd77cad33a1,t_stone
c_abd77cad33a1,t_insulation
c_abd77cad33a1,t_outdoor
c_975ed3624dfd,t_steel
c_975ed3624dfd,t_windows
c_975ed3624dfd,t_doors
c_423a4397eae2,t_steel
c_423a4397eae2,t_insulation
c_423a4397eae2,t_fireplace
c_423a4397eae2,t_interior
c_0f180b47ba9f,t_steel
c_b656d8085caf,t_software
c_b656d8085caf,t_ai
c_b656d8085caf,t_interior
c_7c46d4c0e5c8,t_panel
c_171e4bcdecec,t_plumbing
c_171e4bcdecec,t_interior
c_9430e86c8f21,t_hvac
c_45e5af3ca401,t_interior
c_8fbc747505a0,t_interior
c_f1b74b91c63d,t_software
c_f1b74b91c63d,t_land-mapping
c_c8d157fd386b,t_modular
c_c8d157fd386b,t_outdoor
c_325cff7ccff6,t_modular
c_325cff7ccff6,t_outdoor
c_492e7d7caa98,t_windows
c_492e7d7caa98,t_doors
c_492e7d7caa98,t_smart-home
c_492e7d7caa98,t_software
c_492e7d7caa98,t_outdoor
c_ff5afb6f3fe8,t_interior
c_42533f972bc3,t_panel
c_42533f972bc3,t_interior
c_e74001354c4d,t_modular
c_e74001354c4d,t_plumbing
c_e74001354c4d,t_outdoor
c_fb3faabd46d9,t_modular
c_fb3faabd46d9,t_interior
c_d551199cf3b8,t_modular
c_d551199cf3b8,t_interior
c_0ca259565a48,t_steel
c_4b49744a54d7,t_finance-insurance
c_59e98d65b384,t_steel
c_59e98d65b384,t_wood
c_59e98d65b384,t_concrete
c_f4e09b31dd75,t_interior
c_5482ba0c182b,t_interior
c_11b08abe3b22,t_software
c_fcd4e8b55093,t_hvac
c_fcd4e8b55093,t_interior
c_c498b7d1d283,t_modular
c_c498b7d1d283,t_outdoor
c_c90c0f0fa1e8,t_panel
c_c90c0f0fa1e8,t_windows
c_c90c0f0fa1e8,t_doors
c_0d7facdcb752,t_modular
c_0d7facdcb752,t_outdoor
c_813665d08d19,t_panel
c_613662260b72,t_modular
c_613662260b72,t_outdoor
c_49f82405773e,t_doors
c_49f82405773e,t_finance-insurance
c_5b6248070806,t_software
c_810888829faa,t_prefabrication
c_810888829faa,t_panel
c_810888829faa,t_hvac
c_810888829faa,t_windows
c_810888829faa,t_doors
c_810888829faa,t_roofing
c_4286272e5755,t_steel
c_4286272e5755,t_windows
c_4286272e5755,t_doors
c_ee6044d74842,t_steel
c_ee6044d74842,t_doors
c_9cc206a113a6,t_roofing
c_9cc206a113a6,t_insulation
c_ca2bb1edf2c3,t_steel
c_ca2bb1edf2c3,t_hvac
c_ca2bb1edf2c3,t_interior
c_b8150b5c41c5,t_panel
c_b8150b5c41c5,t_finance-insurance
c_b8150b5c41c5,t_interior
c_ce438e25ede8,t_panel
c_ce438e25ede8,t_insulation
c_db9f5bcc200d,t_interior
c_a620b2d29be2,t_modular
c_a620b2d29be2,t_stone
c_a620b2d29be2,t_concrete
c_a620b2d29be2,t_outdoor
c_c08bb56e8b34,t_wood
c_c08bb56e8b34,t_stair
c_c08bb56e8b34,t_interior
c_f27f5587b2c0,t_interior
c_ef9d1ec769c6,t_doors
c_5e9ea563f690,t_wood
c_5e9ea563f690,t_doors
c_5e9ea563f690,t_insulation
c_4c991a1016a3,t_software
c_ae889d490db9,t_modular
c_ae889d490db9,t_outdoor
c_e7218db1fa6e,t_wood
c_e7218db1fa6e,t_railing
c_e7218db1fa6e,t_interior
c_e7218db1fa6e,t_outdoor
c_cc831d4e9359,t_panel
c_9aa9b73c8ca0,t_finance-insurance
c_92d4d4f25f02,t_steel
c_92d4d4f25f02,t_doors
c_92d4d4f25f02,t_interior
c_be12a376f3c6,t_wood
c_cb3c083519c3,t_interior
c_3eb965513449,t_stone
c_e136ea32507f,t_windows
c_e136ea32507f,t_doors
c_ffb78b7e5159,t_steel
c_ffb78b7e5159,t_panel
c_ffb78b7e5159,t_windows
c_ffb78b7e5159,t_doors
c_a53e23335a43,t_steel
c_a53e23335a43,t_doors
c_a53e23335a43,t_outdoor
c_9127a3f6d125,t_plumbing
c_23924bad076b,t_panel
c_23924bad076b,t_interior
c_72be4b0901d3,t_windows
c_72be4b0901d3,t_doors
c_0e40aa555d77,t_interior
c_9749d2f3fcb4,t_wood
c_005910ab605d,t_insulation
c_f167130e6262,t_insulation
c_3476b30570b9,t_steel
c_3476b30570b9,t_windows
c_3476b30570b9,t_doors
c_3476b30570b9,t_interior
c_24e6ddbd35e4,t_plumbing
c_24e6ddbd35e4,t_interior
c_af6b9f2b8379,t_modular
c_af6b9f2b8379,t_outdoor
c_a2b21989d844,t_steel
c_a2b21989d844,t_hvac
c_a2b21989d844,t_roofing
c_1e060f1c7a89,t_roofing
c_c99421e2e485,t_stone
c_c99421e2e485,t_panel
c_c99421e2e485,t_interior
c_edffbbdc1146,t_steel
c_91948e02a62a,t_modular
c_91948e02a62a,t_outdoor
c_ee1af5acbf1e,t_windows
c_ee1af5acbf1e,t_doors
c_ee1af5acbf1e,t_interior
c_214c898b2978,t_software
c_214c898b2978,t_ai
c_20a6872fd946,t_finance-insurance
c_581f1ae712be,t_interior
c_10816d9306dc,t_plumbing
c_10816d9306dc,t_smart-home
c_905b4442ff79,t_windows
c_905b4442ff79,t_doors
c_8005d83991f7,t_hvac
c_8005d83991f7,t_software
c_5dde2db8c587,t_steel
c_5dde2db8c587,t_windows
c_5dde2db8c587,t_doors
c_39312d58c4c6,t_hvac
c_39312d58c4c6,t_software
c_39312d58c4c6,t_interior
c_6dc08593c8f2,t_interior
c_724522477965,t_hvac
c_63a99cd27405,t_insulation
c_7ed81d978129,t_panel
c_7ed81d978129,t_software
c_93ff610cf69f,t_modular
c_93ff610cf69f,t_outdoor
c_41f0e36bf360,t_modular
c_41f0e36bf360,t_outdoor
c_0d783391a924,t_interior
c_f4a5ceb73881,t_modular
c_f4a5ceb73881,t_outdoor
c_30c0551b00c4,t_modular
c_30c0551b00c4,t_wood
c_30c0551b00c4,t_panel
c_30c0551b00c4,t_roofing
c_30c0551b00c4,t_outdoor
c_5a4316d52fce,t_doors
c_5a4316d52fce,t_security
c_927b44b97e9e,t_interior
c_4ef332e31813,t_hvac
c_4ef332e31813,t_insulation
c_4ef332e31813,t_smart-home
c_ff041841abd7,t_windows
c_ff041841abd7,t_doors
c_171c18344ed3,t_doors
c_8692c7cf7df6,t_outdoor
c_657fe0efb07c,t_interior
c_a2f65047c58b,t_doors
c_75ffffd26198,t_fireplace
c_75ffffd26198,t_interior
c_4462e11273b3,t_security
c_627d4ec9f6e5,t_modular
c_627d4ec9f6e5,t_outdoor
c_d5ebecca2faa,t_steel
c_c97ef06e1d54,t_modular
c_c97ef06e1d54,t_finance-insurance
c_c97ef06e1d54,t_outdoor
c_d979d89c1ba1,t_ai
c_5a74ed002cf2,t_panel
c_5a74ed002cf2,t_doors
c_5a74ed002cf2,t_interior
c_1ee74c678570,t_doors
c_a29c50db33e0,t_interior
c_0319a141f645,t_hvac
c_0319a141f645,t_plumbing
c_e4e52eff595e,t_panel
c_e4e52eff595e,t_interior
c_d1b8bf60eb16,t_prefabrication
c_d1b8bf60eb16,t_windows
c_d1b8bf60eb16,t_software
c_49928ed0623c,t_interior
c_dfa86279de8b,t_doors
c_dfa86279de8b,t_insulation
c_dfa86279de8b,t_interior
c_17bf89a0addb,t_modular
c_17bf89a0addb,t_outdoor
c_d543166feae4,t_doors
c_9c705befcded,t_modular
c_9c705befcded,t_prefabrication
c_9c705befcded,t_concrete
c_9c705befcded,t_smart-home
c_9c705befcded,t_outdoor
c_7fe572cda8c3,t_interior
c_f470a9903c71,t_stair
c_f470a9903c71,t_interior
c_b4b00cc9e6b4,t_modular
c_b4b00cc9e6b4,t_outdoor
c_845d9811be4c,t_software
c_021b775867fa,t_insulation
c_021b775867fa,t_smart-home
c_3c33ee8340a6,t_interior
c_c2b8c654f271,t_prefabrication
c_c2b8c654f271,t_interior
c_dcd7b709ecc5,t_doors
c_5e224b5f4ec5,t_modular
c_5e224b5f4ec5,t_outdoor
c_ed9c4e10e98b,t_interior
c_22ba63bd87d3,t_interior
c_1b33c71547b6,t_modular
c_1b33c71547b6,t_outdoor
c_58c5fd836ab4,t_finance-insurance
c_69f84d222b95,t_modular
c_69f84d222b95,t_outdoor
c_09f2a0e94ca6,t_interior
c_9d872a125220,t_modular
c_9d872a125220,t_outdoor
c_2698ddbae89a,t_insulation
c_b32eb10c224f,t_software
c_b32eb10c224f,t_ai
c_b32eb10c224f,t_land-mapping
c_42e2715b0955,t_roofing
c_a55823dea24b,t_interior
c_e246fd69beb1,t_steel
c_51ec0df360d3,t_modular
c_51ec0df360d3,t_outdoor
c_3c8a319f3f46,t_modular
c_3c8a319f3f46,t_windows
c_3c8a319f3f46,t_doors
c_3c8a319f3f46,t_finance-insurance
c_3c8a319f3f46,t_outdoor
c_bcf44f1cbc96,t_interior
c_2d9de32eacfc,t_interior
c_6a7741bf77d1,t_wood
c_ef88bcedc5b1,t_prefabrication
c_ef88bcedc5b1,t_steel
c_75a0df61b826,t_windows
c_75a0df61b826,t_interior
c_75a0df61b826,t_outdoor
c_a520b30dab12,t_windows
c_a520b30dab12,t_doors
c_da80dc8be9ab,t_finance-insurance
c_aeb0d12f9500,t_wood
c_aeb0d12f9500,t_concrete
c_74db40ece68f,t_modular
c_74db40ece68f,t_outdoor
c_5b496fa634a6,t_modular
c_5b496fa634a6,t_outdoor
c_91632b501254,t_software
c_91632b501254,t_ai
c_d78a821f1a56,t_modular
c_d78a821f1a56,t_outdoor
c_5f5b8f1502c4,t_smart-home
c_5f5b8f1502c4,t_interior
c_f0f803aace3d,t_hvac
c_f0f803aace3d,t_insulation
c_70e5b88800fe,t_interior
c_d16e32c2dd1d,t_steel
c_afb2a2751d21,t_modular
c_afb2a2751d21,t_panel
c_afb2a2751d21,t_roofing
c_afb2a2751d21,t_insulation
c_b8456b9e13a4,t_modular
c_b8456b9e13a4,t_panel
c_b8456b9e13a4,t_roofing
c_a4c474792970,t_ai
c_a4c474792970,t_land-mapping
c_a4c474792970,t_outdoor
c_d5a2eba915cd,t_wood
c_d5a2eba915cd,t_interior
c_c608d04ca7cb,t_modular
c_c608d04ca7cb,t_outdoor
c_17486724890e,t_stone
c_17486724890e,t_panel
c_17486724890e,t_interior
c_36a5638444dc,t_finance-insurance
c_07637040a2bd,t_wood
c_07637040a2bd,t_interior
c_39d18b20dfee,t_software
c_39d18b20dfee,t_ai
c_45c96109c278,t_hvac
c_45c96109c278,t_outdoor
c_4a3cec055f39,t_doors
c_6c1677b716c5,t_stone
c_6c1677b716c5,t_finance-insurance
c_6bdbe79c87f2,t_modular
c_6bdbe79c87f2,t_hvac
c_6bdbe79c87f2,t_outdoor
c_f4cb850cf0e6,t_finance-insurance
c_36bfda175d82,t_interior
c_8095b776c7bf,t_software
c_8095b776c7bf,t_ai
c_8095b776c7bf,t_finance-insurance
c_3370cd407538,t_doors
c_3370cd407538,t_software
c_7d5a92ae4b31,t_wood
c_bf421cec0dfa,t_hvac
c_bf421cec0dfa,t_interior
c_d1ef15021a06,t_modular
c_d1ef15021a06,t_outdoor
c_82fd2284ccb0,t_doors
c_82fd2284ccb0,t_interior
c_99ebfc494b1f,t_stone
c_99ebfc494b1f,t_interior
c_aef34e4a2eda,t_security
c_aef34e4a2eda,t_smart-home
c_aef34e4a2eda,t_software
c_255c70b4a58a,t_hvac
c_255c70b4a58a,t_plumbing
c_b0a325836438,t_modular
c_b0a325836438,t_outdoor
c_dce4edc1f1df,t_wood
c_641c1ab141b9,t_interior
c_963fffa7d1c5,t_interior
c_963fffa7d1c5,t_outdoor
c_b09362ab14aa,t_modular
c_b09362ab14aa,t_stone
c_b09362ab14aa,t_outdoor
c_ac6c6538e74b,t_interior
c_e7be1ea399bf,t_finance-insurance
c_e7be1ea399bf,t_land-mapping
c_08b0ebe638d7,t_security
c_901a71ab37d7,t_interior
c_5904a5f9ce4b,t_doors
c_a183f4d31df0,t_wood
c_a183f4d31df0,t_railing
c_a183f4d31df0,t_panel
c_a183f4d31df0,t_interior
c_9985faf594ab,t_software
c_9985faf594ab,t_ai
c_e2e4c3948acf,t_modular
c_e2e4c3948acf,t_outdoor
c_c8080c7a947b,t_interior
c_26dbd1c7df35,t_interior
c_61313a768253,t_smart-home
c_61313a768253,t_interior
c_778be6d2d55a,t_panel
c_ab847fe7646e,t_software
c_ab847fe7646e,t_ai
c_3cdf71383d34,t_stone
c_f268e8b9b107,t_smart-home
c_f268e8b9b107,t_software
c_f268e8b9b107,t_ai
c_22b1787c5c17,t_panel
c_22b1787c5c17,t_roofing
c_22b1787c5c17,t_insulation
c_08129a5ca0fa,t_steel
c_08129a5ca0fa,t_software
c_08129a5ca0fa,t_finance-insurance
c_6107c18f4563,t_modular
c_6107c18f4563,t_outdoor
c_cafb2f3ce991,t_steel
c_cafb2f3ce991,t_wood
c_cafb2f3ce991,t_interior
c_83d35907df48,t_steel
c_a00db2f02f04,t_land-mapping
c_a00f88c66c27,t_roofing
c_a00f88c66c27,t_insulation
c_a00f88c66c27,t_smart-home
c_a00f88c66c27,t_finance-insurance
c_a00f88c66c27,t_outdoor
c_c9ce81eb4853,t_steel
c_15565e5b4f77,t_steel
c_15565e5b4f77,t_railing
c_b77f53e16574,t_windows
c_b77f53e16574,t_doors
c_9f8490046b7d,t_interior
c_0d4e6606a74c,t_wood
c_0d4e6606a74c,t_panel
c_0d4e6606a74c,t_smart-home
c_6e67f1cb8cd5,t_panel
c_02dbfc05d6b2,t_modular
c_02dbfc05d6b2,t_outdoor
c_79bad09dafa2,t_steel
c_79bad09dafa2,t_panel
c_79bad09dafa2,t_windows
c_79bad09dafa2,t_doors
c_79bad09dafa2,t_insulation
c_6335067f252a,t_doors
c_6335067f252a,t_interior
c_3e7830c158dc,t_steel
c_8e9353676012,t_doors
c_0017bce12b99,t_windows
c_0017bce12b99,t_doors
c_0740ce6ac210,t_steel
c_0740ce6ac210,t_hvac
c_0740ce6ac210,t_finance-insurance
c_0740ce6ac210,t_interior
c_56ea3737bfda,t_wood
c_56ea3737bfda,t_stair
c_56ea3737bfda,t_railing
c_56ea3737bfda,t_panel
c_56ea3737bfda,t_windows
c_56ea3737bfda,t_doors
c_56ea3737bfda,t_insulation
c_56ea3737bfda,t_interior
c_cf08189035eb,t_plumbing
c_cf08189035eb,t_smart-home
c_cf08189035eb,t_interior
c_f3830322c3c3,t_railing
c_f3830322c3c3,t_windows
c_f3830322c3c3,t_doors
c_f3830322c3c3,t_interior
c_8e6a5b852efb,t_railing
c_8e6a5b852efb,t_windows
c_8e6a5b852efb,t_doors
c_2fda03802e5e,t_doors
c_8c9ff89cbed2,t_hvac
c_8c9ff89cbed2,t_insulation
c_c35c37027e42,t_finance-insurance
c_fd2d0207e419,t_panel
c_fd2d0207e419,t_interior
c_da9ee9bc8d65,t_panel
c_da9ee9bc8d65,t_insulation
c_da9ee9bc8d65,t_interior
c_eff209bd47c4,t_finance-insurance
c_2a1ab79529c5,t_hvac
c_3e4497132d17,t_insulation
c_3e4497132d17,t_interior
c_3e4497132d17,t_outdoor
c_dd825460a590,t_wood
c_dd825460a590,t_windows
c_dd825460a590,t_doors
c_dd825460a590,t_insulation
c_dd825460a590,t_land-mapping
c_4be4b88598b8,t_stone
c_951fd37fe1fc,t_interior
c_ca12f805f6c3,t_wood
c_ca12f805f6c3,t_panel
c_a3a8af9dfb22,t_finance-insurance
c_a55ef978dedc,t_modular
c_a55ef978dedc,t_stone
c_a55ef978dedc,t_outdoor
c_ab83160c41d0,t_modular
c_ab83160c41d0,t_prefabrication
c_ab83160c41d0,t_outdoor
c_6264521f5da3,t_smart-home
c_6264521f5da3,t_land-mapping
c_1969383f3d21,t_security
c_1969383f3d21,t_smart-home
c_a7edd25adc3c,t_smart-home
c_e18d1210578a,t_interior
c_cec9f5424bac,t_modular
c_cec9f5424bac,t_outdoor
c_7ef7924611a8,t_modular
c_7ef7924611a8,t_outdoor
c_6ccde0616ec0,t_wood
c_6ccde0616ec0,t_windows
c_6ccde0616ec0,t_doors
c_2e4809e2aab3,t_hvac
c_2e4809e2aab3,t_windows
c_2e4809e2aab3,t_roofing
c_be2528fe9dca,t_wood
c_be2528fe9dca,t_insulation
c_e5f754088df4,t_wood
c_e5f754088df4,t_panel
c_688683aa3455,t_smart-home
c_688683aa3455,t_interior
c_287da33ad240,t_finance-insurance
c_4dcf34a28bf3,t_interior
c_981997aaf7dc,t_plumbing
c_981997aaf7dc,t_roofing
c_981997aaf7dc,t_ai
c_def04e7bf151,t_interior
c_ebaf8821c295,t_software
c_ebaf8821c295,t_interior
c_16998b853ff6,t_steel
c_96d7e6a01066,t_insulation
c_96d7e6a01066,t_finance-insurance
c_96d7e6a01066,t_interior
c_96d7e6a01066,t_outdoor
c_83e61d4e9439,t_modular
c_83e61d4e9439,t_outdoor
c_fce60d18d05b,t_concrete
c_fce60d18d05b,t_interior
c_fce60d18d05b,t_outdoor
c_d8131a39f603,t_steel
c_d8131a39f603,t_windows
c_d8131a39f603,t_doors
c_13150075b1c5,t_interior
c_13c33e0d283c,t_modular
c_13c33e0d283c,t_stone
c_13c33e0d283c,t_outdoor
c_c5414a0ac946,t_stone
c_c5414a0ac946,t_doors
c_c5414a0ac946,t_interior
c_e678af939f4d,t_roofing
c_04543ebd9977,t_interior
c_91d6d5ca9fd9,t_modular
c_91d6d5ca9fd9,t_outdoor
c_8230117ec609,t_software
c_8230117ec609,t_finance-insurance
c_d63e969d6769,t_modular
c_d63e969d6769,t_outdoor
c_be42cb4d659e,t_steel
c_be42cb4d659e,t_doors
c_be42cb4d659e,t_interior
c_1add52a9fe5d,t_software
c_1add52a9fe5d,t_ai
c_1add52a9fe5d,t_finance-insurance
c_b525976af7e9,t_security
c_b525976af7e9,t_software
c_b565518ef354,t_interior
c_e4bd80556814,t_interior
c_6499babdd997,t_modular
c_6499babdd997,t_outdoor
c_16942dc9f631,t_insulation
c_a8fc3486c785,t_modular
c_a8fc3486c785,t_outdoor
c_534928dfc183,t_interior
c_7c9b22f08127,t_wood
c_8c84342996b9,t_modular
c_8c84342996b9,t_outdoor
c_a62f9a6fb2ad,t_roofing
c_a2de1bf4dff6,t_hvac
c_d25337f13922,t_steel
c_d25337f13922,t_doors
c_d25337f13922,t_interior
c_d25337f13922,t_outdoor
c_d81ccc5a73fe,t_windows
c_d81ccc5a73fe,t_doors
c_54073bd119e1,t_plumbing
c_54073bd119e1,t_interior
c_681f179242dd,t_steel
c_cd17778d1526,t_modular
c_cd17778d1526,t_outdoor
c_8fa83e490ede,t_stone
c_8fa83e490ede,t_roofing
c_00a4ae6d61f8,t_modular
c_00a4ae6d61f8,t_wood
c_00a4ae6d61f8,t_outdoor
c_85c918da1400,t_interior
c_a8b36299eff2,t_finance-insurance
c_84f4784976d6,t_software
c_51b0204c65fd,t_modular
c_51b0204c65fd,t_outdoor
c_b5f0809407d6,t_modular
c_b5f0809407d6,t_outdoor
c_97729405c4f9,t_concrete
c_97729405c4f9,t_outdoor
c_8bdf7f52c4d2,t_modular
c_8bdf7f52c4d2,t_outdoor
c_f46b5e060a4e,t_steel
c_f46b5e060a4e,t_hvac
c_26efcf3faefc,t_wood
c_26efcf3faefc,t_insulation
c_375e1afe5263,t_interior
c_f57fd33a4505,t_finance-insurance
c_5e1dd793e222,t_modular
c_5e1dd793e222,t_steel
c_5e1dd793e222,t_outdoor
c_c8b4c621a679,t_doors
c_6bfbbcaeee09,t_steel
c_579ad90066f5,t_modular
c_579ad90066f5,t_outdoor
c_98c622b29535,t_wood
c_98c622b29535,t_panel
c_33d77a32b13c,t_doors
c_a9cd2029ecaa,t_modular
c_a9cd2029ecaa,t_railing
c_a9cd2029ecaa,t_outdoor
c_c2e86748e29a,t_wood
c_d3c23f2b8653,t_ai
c_4dbfcd9e9690,t_plumbing
c_a4e954bf171c,t_interior
c_782e6ae602fb,t_modular
c_782e6ae602fb,t_outdoor
c_86b03eb09440,t_software
c_b6ed798541c2,t_modular
c_b6ed798541c2,t_outdoor
c_92104aaccc44,t_land-mapping
c_55903d1e731b,t_modular
c_55903d1e731b,t_wood
c_55903d1e731b,t_stair
c_55903d1e731b,t_railing
c_55903d1e731b,t_insulation
c_55903d1e731b,t_interior
c_55903d1e731b,t_outdoor
c_4739bebaec76,t_stair
c_012f61d800e2,t_software
c_67e915396cd2,t_modular
c_67e915396cd2,t_wood
c_67e915396cd2,t_outdoor
c_4b2906ff92d9,t_interior
c_0664f61c0c20,t_modular
c_0664f61c0c20,t_outdoor
c_e8dc97cd6fc4,t_modular
c_e8dc97cd6fc4,t_outdoor
c_f3bfa6938112,t_panel
c_cca0d01f50ff,t_modular
c_cca0d01f50ff,t_software
c_cca0d01f50ff,t_outdoor
c_1912c14bdbec,t_software
c_1912c14bdbec,t_ai
c_e2bb30a1d641,t_interior
c_703fd096722f,t_insulation
c_af8c64f6b3cb,t_wood
c_af8c64f6b3cb,t_insulation
c_3fb1c9ef2aba,t_modular
c_3fb1c9ef2aba,t_steel
c_3fb1c9ef2aba,t_interior
c_050ebd8adb31,t_modular
c_050ebd8adb31,t_railing
c_050ebd8adb31,t_outdoor
c_4b785cb59423,t_modular
c_4b785cb59423,t_outdoor
c_51e4837b394e,t_steel
c_3e9d23be1ba0,t_modular
c_3e9d23be1ba0,t_outdoor
c_65541a87a688,t_interior
c_f55e447a84e9,t_hvac
c_f55e447a84e9,t_plumbing
c_f55e447a84e9,t_smart-home
c_f55e447a84e9,t_outdoor
c_f667cc40c326,t_wood
c_f667cc40c326,t_insulation
c_f667cc40c326,t_concrete
c_46ee7c5cd2e4,t_wood
c_46ee7c5cd2e4,t_doors
c_46ee7c5cd2e4,t_interior
c_71838153ac04,t_interior
c_87ace20e84da,t_stone
c_d20457a88e30,t_software
c_d20457a88e30,t_ai
c_3de0153d448b,t_smart-home
c_3de0153d448b,t_ai
c_b4d18c226543,t_modular
c_b4d18c226543,t_software
c_b4d18c226543,t_finance-insurance
c_b4d18c226543,t_outdoor
c_b24f03eccfdc,t_interior
c_9881b4d41421,t_wood
c_9881b4d41421,t_doors
c_9881b4d41421,t_interior
c_f86b4581a77e,t_software
c_f86b4581a77e,t_ai
c_ef136989e82c,t_steel
c_ef136989e82c,t_interior
c_b012db988f19,t_interior
c_a4d9d000bf7f,t_ai
c_86ae513ca88b,t_modular
c_86ae513ca88b,t_outdoor
c_66bce1cefef0,t_hvac
c_66bce1cefef0,t_roofing
c_66bce1cefef0,t_interior
c_ef32646753db,t_steel
c_ef32646753db,t_hvac
c_ef32646753db,t_interior
c_71ddbe748205,t_doors
c_71ddbe748205,t_interior
c_f14a89ae0184,t_stone
c_3b00838052a3,t_steel
c_006db489d963,t_interior
c_110d26485696,t_land-mapping
c_6fb2a5cddc3e,t_windows
c_6fb2a5cddc3e,t_doors
c_6fb2a5cddc3e,t_software
c_870baf2ab2d9,t_stair
c_870baf2ab2d9,t_railing
c_870baf2ab2d9,t_interior
c_38d43e9e3750,t_windows
c_38d43e9e3750,t_finance-insurance
c_38d43e9e3750,t_interior
c_d1b183320832,t_software
c_39aa30a08002,t_railing
c_5eb71de9a2fe,t_interior
c_5eb71de9a2fe,t_outdoor
c_0bcaeab9c531,t_security
c_0bcaeab9c531,t_software
c_0bcaeab9c531,t_ai
c_0bcaeab9c531,t_outdoor
c_af4ea07fdcb6,t_steel
c_af4ea07fdcb6,t_insulation
c_af4ea07fdcb6,t_concrete
c_d2a0539d397f,t_interior
c_79872407e5c0,t_windows
c_79872407e5c0,t_doors
c_79872407e5c0,t_roofing
c_79872407e5c0,t_insulation
c_fbe86c2c4e48,t_wood
c_fbe86c2c4e48,t_panel
c_97d0f3a73a77,t_stone
c_97d0f3a73a77,t_doors
c_97d0f3a73a77,t_interior
c_8c9ed755d101,t_panel
c_8c9ed755d101,t_hvac
c_8c9ed755d101,t_smart-home
c_878cfdf5f5c9,t_modular
c_878cfdf5f5c9,t_concrete
c_878cfdf5f5c9,t_finance-insurance
c_878cfdf5f5c9,t_outdoor
c_7a2c47ec7183,t_panel
c_7a2c47ec7183,t_hvac
c_7a2c47ec7183,t_roofing
c_7a2c47ec7183,t_outdoor
c_921ed9abcba1,t_hvac
c_921ed9abcba1,t_smart-home
c_ee7ef5b83ca2,t_windows
c_11ba41ce022b,t_plumbing
c_11ba41ce022b,t_smart-home
c_11ba41ce022b,t_software
c_d9a78d9fa25e,t_interior
c_55bf9439592e,t_doors
c_f9fc08a91e4f,t_interior
c_f9fc08a91e4f,t_outdoor
c_a6e4cc1e1adf,t_interior
c_2656195671d2,t_finance-insurance
c_03a3031b43e8,t_plumbing
c_352111ead816,t_interior
c_1fd3d5784c47,t_doors
c_1fd3d5784c47,t_interior
c_72def9d838a0,t_doors
c_72def9d838a0,t_smart-home
c_72def9d838a0,t_interior
c_f7e84b5a7ff4,t_wood
c_cbff05a30a74,t_stone
c_cbff05a30a74,t_windows
c_cbff05a30a74,t_interior
c_cbff05a30a74,t_outdoor
c_8e57ddd941d0,t_stone
c_4c771a7ebbf7,t_wood
c_dd7872d5c1d5,t_interior
c_b8d74ae9f392,t_interior
c_eafab7387165,t_interior
c_65bc688c04ac,t_finance-insurance
c_65bc688c04ac,t_interior
c_1928e64d60df,t_interior
c_d0c2b369a261,t_interior
c_e81743d5bb5c,t_interior
c_fee6a2d4093b,t_windows
c_9ae212cf91cc,t_hvac
c_9ae212cf91cc,t_plumbing
c_9ae212cf91cc,t_finance-insurance
c_88195ec31de9,t_modular
c_88195ec31de9,t_outdoor
c_43ed5f50b4b6,t_modular
c_43ed5f50b4b6,t_outdoor
c_e13a8a498867,t_modular
c_e13a8a498867,t_outdoor
c_e4bb5fc8ff7b,t_wood
c_9ebc0feedd6f,t_panel
c_9ebc0feedd6f,t_interior
c_6c921b11d562,t_outdoor
c_96431be68474,t_doors
c_b4def16f6a79,t_insulation
c_b4def16f6a79,t_interior
c_c13cf7dc8643,t_windows
c_c13cf7dc8643,t_doors
c_0032794705a8,t_interior
c_b24012609cab,t_windows
c_5c24dbaf91a7,t_stone
c_7324bf9e9955,t_plumbing
c_4d9d97bc416c,t_interior
c_0451a0172835,t_interior
c_b3beb64a7f69,t_wood
c_b3beb64a7f69,t_railing
c_b3beb64a7f69,t_windows
c_b3beb64a7f69,t_doors
c_b3beb64a7f69,t_software
c_b3beb64a7f69,t_interior
c_b3beb64a7f69,t_outdoor
c_458f554806bf,t_stone
c_458f554806bf,t_panel
c_458f554806bf,t_interior
c_3482f292d57c,t_wood
c_3482f292d57c,t_doors
c_3482f292d57c,t_interior
c_fe75d8478a3c,t_modular
c_fe75d8478a3c,t_outdoor
c_96e602098a42,t_stair
c_96e602098a42,t_windows
c_96e602098a42,t_doors
c_96e602098a42,t_interior
c_96e602098a42,t_outdoor
c_d969402ebc1a,t_wood
c_ec572bac77e9,t_steel
c_5269f3bcdf8e,t_steel
c_5269f3bcdf8e,t_doors
c_5269f3bcdf8e,t_security
c_5269f3bcdf8e,t_interior
c_03e12672ed1d,t_steel
c_03e12672ed1d,t_wood
c_03e12672ed1d,t_panel
c_03e12672ed1d,t_doors
c_03e12672ed1d,t_security
c_03e12672ed1d,t_interior
c_114c2231fcbf,t_smart-home
c_5b60b6335dfd,t_ai
c_784af8a3ed47,t_windows
c_784af8a3ed47,t_doors
c_784af8a3ed47,t_interior
c_784af8a3ed47,t_outdoor
c_2296cbdb22b6,t_roofing
c_8e19a1c58dbf,t_interior
c_4c7f61478c2d,t_stone
c_4c7f61478c2d,t_interior
c_7940a8093fcc,t_windows
c_7940a8093fcc,t_doors
c_3a810704a801,t_hvac
c_3a810704a801,t_finance-insurance
c_8f1d48d06ee5,t_doors
c_8f1d48d06ee5,t_interior
c_afe703f16e96,t_wood
c_afe703f16e96,t_doors
c_b87ed43a8e26,t_software
c_b87ed43a8e26,t_interior
c_8b9109c1ddf7,t_interior
c_8b9109c1ddf7,t_outdoor
c_3503974cfa3b,t_doors
c_039570045143,t_wood
c_039570045143,t_doors
c_b47f323838ef,t_interior
c_f03a3da580cb,t_modular
c_f03a3da580cb,t_outdoor
c_603e13a48176,t_panel
c_603e13a48176,t_doors
c_603e13a48176,t_interior
c_3c318d7d68f3,t_stone
c_3c318d7d68f3,t_panel
c_3c318d7d68f3,t_insulation
c_3c318d7d68f3,t_interior
c_75cccf52518e,t_security
c_55fadc60901d,t_interior
c_715d56392ae3,t_doors
c_ea1a560dc70f,t_finance-insurance
c_68dad4e3b89e,t_panel
c_68dad4e3b89e,t_insulation
c_ba60f547c5f6,t_interior
c_37fe0e3d5bad,t_panel
c_37fe0e3d5bad,t_interior
